spec,cond,readout,vocab,m,n_pos,n_hard,n_easy,n_nonvalid,n_exact50,n_amb,AUROC,AUROC_lo,AUROC_hi,TPR,TPR_lo,TPR_hi,FPR_hard,FPR_hard_lo,FPR_hard_hi,acc_matched,acc_matched_lo,acc_matched_hi,easy_acc,easy_acc_lo,easy_acc_hi,acc_easy_test,acc_easy_test_lo,acc_easy_test_hi
v3.1,jev,prob,names,4,60,60,15,0,0,0,0.9979166666666667,0.9916666666666667,1.0,1.0,0.9398281469657729,1.0,0.18333333333333332,0.08333333333333333,0.2833333333333333,0.9083333333333333,0.8583333333333334,0.9583333333333334,1.0,0.7961166964035129,1.0,1.0,0.9512761567859912,1.0
v3.1,jev,prob,names,8,60,60,15,0,0,0,0.9470833333333334,0.9040208333333333,0.9805555555555555,0.9833333333333333,0.95,1.0,0.6166666666666667,0.5,0.7333333333333333,0.6833333333333333,0.6166666666666667,0.75,1.0,0.7961166964035129,1.0,0.9916666666666667,0.975,1.0
v3.1,jev,prob,names,12,60,60,15,0,0,0,0.7877777777777778,0.7068020833333334,0.8636180555555555,1.0,0.9398281469657729,1.0,0.85,0.75,0.9333333333333333,0.575,0.5333333333333333,0.625,1.0,0.7961166964035129,1.0,1.0,0.9512761567859912,1.0
v3.1,jev,prob,names,16,60,60,15,0,0,0,0.6720833333333334,0.5727743055555556,0.76778125,1.0,0.9398281469657729,1.0,0.9333333333333333,0.8666666666666667,0.9833333333333333,0.5333333333333333,0.5083333333333333,0.5666666666666667,1.0,0.7961166964035129,1.0,1.0,0.9512761567859912,1.0
v3.1,jev,prob,codes,4,60,60,15,0,0,0,0.9897222222222222,0.9758333333333333,0.9981979166666667,1.0,0.9398281469657729,1.0,0.31666666666666665,0.2,0.43333333333333335,0.8416666666666667,0.7833333333333333,0.9,1.0,0.7961166964035129,1.0,1.0,0.9512761567859912,1.0
v3.1,jev,prob,codes,8,60,60,15,0,0,0,0.9144444444444444,0.8606909722222222,0.9597256944444444,0.9666666666666667,0.9166666666666666,1.0,0.6166666666666667,0.5,0.7333333333333333,0.675,0.6166666666666666,0.7416666666666667,1.0,0.7961166964035129,1.0,0.9833333333333334,0.9583333333333333,1.0
v3.1,jev,prob,codes,12,60,60,15,0,0,0,0.7886111111111112,0.7061111111111111,0.8668090277777778,0.9833333333333333,0.95,1.0,0.8,0.7,0.9,0.5916666666666667,0.5416666666666667,0.65,1.0,0.7961166964035129,1.0,0.9916666666666667,0.975,1.0
v3.1,jev,prob,codes,16,60,60,15,0,0,0,0.6788888888888889,0.5806944444444444,0.7661145833333333,1.0,0.9398281469657729,1.0,0.8666666666666667,0.7666666666666667,0.95,0.5666666666666667,0.525,0.6166666666666667,1.0,0.7961166964035129,1.0,1.0,0.9512761567859912,1.0
v3.1,jev,prob,pooled,4,120,120,30,0,0,0,0.9952777777777778,0.9876388888888888,0.9994444444444445,1.0,0.9689808331071251,0.9999999999999999,0.25,0.175,0.3333333333333333,0.875,0.8333333333333334,0.9166666666666666,1.0,0.886486605238548,1.0,1.0,0.9750297552478355,1.0
v3.1,jev,prob,pooled,8,120,120,30,0,0,0,0.9318402777777778,0.8946171875,0.9631293402777777,0.975,0.9416666666666667,1.0,0.6166666666666667,0.525,0.7083333333333334,0.6791666666666667,0.6291666666666667,0.7291666666666667,1.0,0.886486605238548,1.0,0.9875,0.9708333333333333,1.0
v3.1,jev,prob,pooled,12,120,120,30,0,0,0,0.7881597222222222,0.7185616319444444,0.8521258680555555,0.9916666666666667,0.975,1.0,0.825,0.7416666666666667,0.9,0.5833333333333334,0.5458333333333334,0.6209374999999995,1.0,0.886486605238548,1.0,0.9958333333333333,0.9875,1.0
v3.1,jev,prob,pooled,16,120,120,30,0,0,0,0.673125,0.5856788194444444,0.7540633680555555,1.0,0.9689808331071251,0.9999999999999999,0.9,0.8333333333333334,0.9583333333333334,0.55,0.5208333333333333,0.5791666666666666,1.0,0.886486605238548,1.0,1.0,0.9750297552478355,1.0
v3.1,llama70b_pin,prob,names,4,60,60,15,0,0,0,0.85,0.7833333333333333,0.9083333333333333,0.8333333333333334,0.7333333333333333,0.9166666666666666,0.13333333333333333,0.05,0.21666666666666667,0.8500000000000001,0.7833333333333333,0.9083333333333333,1.0,0.7961166964035129,1.0,0.9166666666666667,0.8666666666666667,0.9583333333333333
v3.1,llama70b_pin,prob,names,8,60,60,15,0,0,0,0.65,0.5666666666666667,0.7333333333333333,0.7166666666666667,0.6,0.8333333333333334,0.4166666666666667,0.3,0.5333333333333333,0.65,0.5666666666666667,0.7333333333333333,1.0,0.7961166964035129,1.0,0.8583333333333334,0.8,0.9083333333333333
v3.1,llama70b_pin,prob,names,12,60,60,15,0,0,0,0.6083333333333333,0.5333333333333333,0.6833333333333333,0.8333333333333334,0.7333333333333333,0.9166666666666666,0.6166666666666667,0.48333333333333334,0.75,0.6083333333333334,0.5333333333333333,0.6833333333333333,1.0,0.7961166964035129,1.0,0.9166666666666667,0.8666666666666667,0.9583333333333333
v3.1,llama70b_pin,prob,names,16,60,60,15,0,0,0,0.6,0.5416666666666666,0.6666666666666666,0.9333333333333333,0.8666666666666667,0.9833333333333333,0.7333333333333333,0.6,0.8333333333333334,0.6000000000000001,0.5416666666666665,0.6666666666666667,1.0,0.7961166964035129,1.0,0.9666666666666667,0.9333333333333333,0.9916666666666667
v3.1,llama70b_pin,prob,codes,4,60,60,15,0,0,0,0.6833333333333333,0.6,0.7583333333333333,0.5666666666666667,0.45,0.6833333333333333,0.2,0.1,0.3,0.6833333333333333,0.6000000000000001,0.7583333333333333,1.0,0.7961166964035129,1.0,0.7833333333333333,0.725,0.8416666666666667
v3.1,llama70b_pin,prob,codes,8,60,60,15,0,0,0,0.55,0.4666666666666667,0.6416666666666667,0.5666666666666667,0.43333333333333335,0.6833333333333333,0.4666666666666667,0.3333333333333333,0.5833333333333334,0.55,0.4666666666666666,0.6416666666666666,1.0,0.7961166964035129,1.0,0.7833333333333333,0.725,0.8416666666666667
v3.1,llama70b_pin,prob,codes,12,60,60,15,0,0,0,0.5416666666666666,0.4666666666666667,0.6166666666666667,0.7833333333333333,0.6666666666666666,0.8833333333333333,0.7,0.5833333333333334,0.8166666666666667,0.5416666666666666,0.4666666666666666,0.6166666666666667,1.0,0.7961166964035129,1.0,0.8916666666666666,0.8333333333333333,0.9416666666666667
v3.1,llama70b_pin,prob,codes,16,60,60,15,0,0,0,0.5,0.44166666666666665,0.5583333333333333,0.8833333333333333,0.8,0.95,0.8833333333333333,0.8,0.95,0.5,0.4416666666666667,0.5583333333333333,1.0,0.7961166964035129,1.0,0.9416666666666667,0.9,0.9752083333333321
v3.1,llama70b_pin,prob,pooled,4,120,120,30,0,0,0,0.7666666666666667,0.7041666666666667,0.825,0.7,0.6166666666666667,0.7833333333333333,0.16666666666666666,0.09166666666666666,0.25,0.7666666666666666,0.7041666666666667,0.825,1.0,0.886486605238548,1.0,0.85,0.8041666666666667,0.8916666666666666
v3.1,llama70b_pin,prob,pooled,8,120,120,30,0,0,0,0.6,0.5208333333333334,0.6791666666666667,0.6416666666666667,0.5333333333333333,0.7418749999999988,0.44166666666666665,0.325,0.5502083333333322,0.6,0.5208333333333333,0.6791666666666667,1.0,0.886486605238548,1.0,0.8208333333333333,0.7666666666666666,0.875
v3.1,llama70b_pin,prob,pooled,12,120,120,30,0,0,0,0.575,0.5041666666666667,0.65,0.8083333333333333,0.7083333333333334,0.9,0.6583333333333333,0.5333333333333333,0.775,0.575,0.5041666666666667,0.6499999999999999,1.0,0.886486605238548,1.0,0.9041666666666667,0.8541666666666667,0.9458333333333333
v3.1,llama70b_pin,prob,pooled,16,120,120,30,0,0,0,0.55,0.5,0.6041666666666666,0.9083333333333333,0.8416666666666667,0.9666666666666667,0.8083333333333333,0.7083333333333334,0.8916666666666667,0.5499999999999999,0.49999999999999994,0.6041666666666667,1.0,0.886486605238548,1.0,0.9541666666666666,0.9208333333333334,0.9791666666666667
v3.1,llama70b_pin,yn,names,4,60,60,15,0,0,0,0.8333333333333334,0.7666666666666667,0.8916666666666667,1.0,0.9398281469657729,1.0,0.3333333333333333,0.21666666666666667,0.4666666666666667,0.8333333333333334,0.7666666666666666,0.8916666666666666,1.0,0.7961166964035129,1.0,1.0,0.9512761567859912,1.0
v3.1,llama70b_pin,yn,names,8,60,60,15,0,0,0,0.7083333333333334,0.6416666666666667,0.775,0.9833333333333333,0.95,1.0,0.5666666666666667,0.45,0.6833333333333333,0.7083333333333334,0.6416666666666667,0.775,1.0,0.7961166964035129,1.0,0.9916666666666667,0.9747916666666666,1.0
v3.1,llama70b_pin,yn,names,12,60,60,15,0,0,0,0.6583333333333333,0.5916666666666667,0.725,0.9666666666666667,0.9166666666666666,1.0,0.65,0.5166666666666667,0.7666666666666667,0.6583333333333334,0.5916666666666667,0.7250000000000001,1.0,0.7961166964035129,1.0,0.9833333333333334,0.9583333333333333,1.0
v3.1,llama70b_pin,yn,names,16,60,60,15,0,0,0,0.6,0.55,0.65,1.0,0.9398281469657729,1.0,0.8,0.6833333333333333,0.9,0.6,0.55,0.65,1.0,0.7961166964035129,1.0,1.0,0.9512761567859912,1.0
v3.1,llama70b_pin,yn,codes,4,60,60,15,0,0,0,0.7666666666666667,0.7,0.8333333333333334,0.9333333333333333,0.8666666666666667,0.9833333333333333,0.4,0.2833333333333333,0.5166666666666667,0.7666666666666666,0.7,0.8333333333333334,1.0,0.7961166964035129,1.0,0.9666666666666667,0.9333333333333333,0.9916666666666667
v3.1,llama70b_pin,yn,codes,8,60,60,15,0,0,0,0.6083333333333333,0.5333333333333333,0.6916666666666667,0.8166666666666667,0.7166666666666667,0.9,0.6,0.48333333333333334,0.7166666666666667,0.6083333333333334,0.5333333333333332,0.6916666666666667,1.0,0.7961166964035129,1.0,0.9083333333333333,0.8583333333333334,0.9583333333333333
v3.1,llama70b_pin,yn,codes,12,60,60,15,0,0,0,0.575,0.5,0.65,0.85,0.75,0.9333333333333333,0.7,0.5833333333333334,0.8166666666666667,0.5750000000000001,0.5,0.6499999999999999,1.0,0.7961166964035129,1.0,0.925,0.875,0.9666666666666667
v3.1,llama70b_pin,yn,codes,16,60,60,15,0,0,0,0.5333333333333333,0.48333333333333334,0.5916666666666667,0.9333333333333333,0.8666666666666667,0.9833333333333333,0.8666666666666667,0.7833333333333333,0.95,0.5333333333333333,0.4833333333333333,0.5916666666666666,1.0,0.7961166964035129,1.0,0.9666666666666667,0.9333333333333333,0.9916666666666667
v3.1,llama70b_pin,yn,pooled,4,120,120,30,0,0,0,0.8,0.7458333333333333,0.85,0.9666666666666667,0.9333333333333333,0.9916666666666667,0.36666666666666664,0.275,0.4666666666666667,0.8,0.7458333333333333,0.8500000000000001,1.0,0.886486605238548,1.0,0.9833333333333334,0.9666666666666667,0.9958333333333333
v3.1,llama70b_pin,yn,pooled,8,120,120,30,0,0,0,0.6583333333333333,0.5916666666666667,0.725,0.9,0.8416666666666667,0.95,0.5833333333333334,0.4666666666666667,0.7,0.6583333333333332,0.5916666666666667,0.7250000000000001,1.0,0.886486605238548,1.0,0.95,0.9208333333333334,0.975
v3.1,llama70b_pin,yn,pooled,12,120,120,30,0,0,0,0.6166666666666667,0.5541666666666667,0.6791666666666667,0.9083333333333333,0.8497916666666666,0.9583333333333334,0.675,0.558125,0.7835416666666655,0.6166666666666666,0.5541666666666667,0.6791666666666667,1.0,0.886486605238548,1.0,0.9541666666666666,0.9208333333333334,0.9833333333333334
v3.1,llama70b_pin,yn,pooled,16,120,120,30,0,0,0,0.5666666666666667,0.525,0.6125,0.9666666666666667,0.9333333333333333,0.9916666666666667,0.8333333333333334,0.7416666666666667,0.9083333333333333,0.5666666666666667,0.525,0.6125,1.0,0.886486605238548,1.0,0.9833333333333334,0.9666666666666667,0.9958333333333333
v3.1,mistral24b_pin,prob,names,4,60,60,15,0,13,0,0.7456944444444444,0.6665173611111112,0.8179305555555555,0.55,0.43333333333333335,0.6666666666666666,0.11666666666666667,0.05,0.2,0.7166666666666667,0.6416666666666667,0.7835416666666656,1.0,0.7961166964035129,1.0,0.775,0.7166666666666667,0.8333333333333333
v3.1,mistral24b_pin,prob,names,8,60,60,15,0,43,0,0.5594444444444444,0.4591527777777778,0.6568090277777777,0.36666666666666664,0.25,0.48333333333333334,0.2833333333333333,0.18333333333333332,0.4,0.5416666666666667,0.4583333333333333,0.625,1.0,0.7961166964035129,1.0,0.6833333333333333,0.625,0.7416666666666667
v3.1,mistral24b_pin,prob,names,12,60,60,15,0,2,0,0.5436111111111112,0.4444375,0.6435104166666664,0.7166666666666667,0.6,0.8333333333333334,0.6833333333333333,0.55,0.8,0.5166666666666667,0.43333333333333335,0.6000000000000001,1.0,0.7961166964035129,1.0,0.8583333333333334,0.7916666666666667,0.9083333333333333
v3.1,mistral24b_pin,prob,names,16,60,60,15,0,0,0,0.5644444444444444,0.47734722222222226,0.651673611111111,0.7833333333333333,0.6666666666666666,0.8833333333333333,0.75,0.6333333333333333,0.85,0.5166666666666666,0.44166666666666665,0.5916666666666667,1.0,0.7961166964035129,1.0,0.8916666666666666,0.8333333333333333,0.9416666666666667
v3.1,mistral24b_pin,prob,codes,4,60,60,15,0,4,0,0.7679166666666667,0.6933263888888889,0.8379270833333332,0.8666666666666667,0.7833333333333333,0.95,0.3333333333333333,0.21666666666666667,0.45,0.7666666666666667,0.6916666666666667,0.8333333333333334,1.0,0.7961166964035129,1.0,0.9333333333333333,0.8916666666666666,0.975
v3.1,mistral24b_pin,prob,codes,8,60,60,15,0,0,0,0.4891666666666667,0.425,0.5533472222222221,0.85,0.75,0.9333333333333333,0.9,0.8166666666666667,0.9666666666666667,0.47500000000000003,0.41666666666666663,0.5333333333333333,1.0,0.7961166964035129,1.0,0.925,0.875,0.9666666666666667
v3.1,mistral24b_pin,prob,codes,12,60,60,15,0,0,0,0.48333333333333334,0.44166666666666665,0.525,0.9333333333333333,0.8666666666666667,0.9833333333333333,0.9666666666666667,0.9166666666666666,1.0,0.48333333333333334,0.4416666666666667,0.5249999999999999,1.0,0.7961166964035129,1.0,0.9666666666666667,0.9333333333333333,0.9916666666666667
v3.1,mistral24b_pin,prob,codes,16,60,60,15,0,0,0,0.5083333333333333,0.5,0.525,1.0,0.9398281469657729,1.0,0.9833333333333333,0.95,1.0,0.5083333333333333,0.5,0.525,1.0,0.7961166964035129,1.0,1.0,0.9512761567859912,1.0
v3.1,mistral24b_pin,prob,pooled,4,120,120,30,0,17,0,0.755625,0.7002230902777777,0.8114947916666666,0.7083333333333334,0.625,0.7833333333333333,0.225,0.15,0.3,0.7416666666666667,0.6875,0.7958333333333333,1.0,0.886486605238548,1.0,0.8541666666666667,0.8125,0.8916666666666666
v3.1,mistral24b_pin,prob,pooled,8,120,120,30,0,43,0,0.511875,0.44652517361111116,0.5745850694444444,0.6083333333333333,0.5166666666666667,0.6916666666666667,0.5916666666666667,0.5166666666666667,0.6666666666666666,0.5083333333333333,0.45,0.5625,1.0,0.886486605238548,1.0,0.8041666666666667,0.7583333333333333,0.8458333333333333
v3.1,mistral24b_pin,prob,pooled,12,120,120,30,0,2,0,0.51375,0.4581527777777778,0.5700399305555552,0.825,0.7416666666666667,0.9,0.825,0.75,0.8916666666666667,0.5,0.4498958333333333,0.55,1.0,0.886486605238548,1.0,0.9125,0.8708333333333333,0.9458333333333333
v3.1,mistral24b_pin,prob,pooled,16,120,120,30,0,0,0,0.5392013888888889,0.4953454861111111,0.5835460069444444,0.8916666666666667,0.8333333333333334,0.9416666666666667,0.8666666666666667,0.8,0.925,0.5125,0.475,0.5541666666666667,1.0,0.886486605238548,1.0,0.9458333333333333,0.9166666666666667,0.9708333333333333
v3.1,mistral24b_pin,yn,names,4,60,60,15,0,0,0,0.6666666666666666,0.6,0.7333333333333333,0.95,0.8833333333333333,1.0,0.6166666666666667,0.4995833333333334,0.7333333333333333,0.6666666666666666,0.6,0.7333333333333334,1.0,0.7961166964035129,1.0,0.975,0.9416666666666667,1.0
v3.1,mistral24b_pin,yn,names,8,60,60,15,0,0,0,0.5666666666666667,0.48333333333333334,0.65,0.6333333333333333,0.5,0.75,0.5,0.38333333333333336,0.6333333333333333,0.5666666666666667,0.4833333333333333,0.65,1.0,0.7961166964035129,1.0,0.8166666666666667,0.7583333333333333,0.875
v3.1,mistral24b_pin,yn,names,12,60,60,15,0,0,0,0.5166666666666667,0.43333333333333335,0.6,0.7,0.5666666666666667,0.8166666666666667,0.6666666666666666,0.5333333333333333,0.7833333333333333,0.5166666666666666,0.4333333333333333,0.6000000000000001,1.0,0.7961166964035129,1.0,0.85,0.7833333333333333,0.9083333333333333
v3.1,mistral24b_pin,yn,names,16,60,60,15,0,0,0,0.48333333333333334,0.4083333333333333,0.5583333333333333,0.75,0.6333333333333333,0.8666666666666667,0.7833333333333333,0.6666666666666666,0.8833333333333333,0.48333333333333334,0.40833333333333327,0.5583333333333333,1.0,0.7961166964035129,1.0,0.875,0.8166666666666667,0.925
v3.1,mistral24b_pin,yn,codes,4,60,60,15,0,0,0,0.5583333333333333,0.5083333333333333,0.6083333333333333,0.9666666666666667,0.9166666666666666,1.0,0.85,0.75,0.9333333333333333,0.5583333333333333,0.5083333333333333,0.6083333333333334,1.0,0.7961166964035129,1.0,0.9833333333333334,0.9583333333333333,1.0
v3.1,mistral24b_pin,yn,codes,8,60,60,15,0,0,0,0.5583333333333333,0.5083333333333333,0.6166666666666667,0.95,0.8833333333333333,1.0,0.8333333333333334,0.7333333333333333,0.9166666666666666,0.5583333333333333,0.5083333333333333,0.6166666666666667,1.0,0.7961166964035129,1.0,0.975,0.9416666666666667,1.0
v3.1,mistral24b_pin,yn,codes,12,60,60,15,0,0,0,0.475,0.43333333333333335,0.5166666666666667,0.9166666666666666,0.85,0.9833333333333333,0.9666666666666667,0.9166666666666666,1.0,0.4749999999999999,0.4333333333333334,0.5166666666666667,1.0,0.7961166964035129,1.0,0.9583333333333333,0.925,0.9833333333333334
v3.1,mistral24b_pin,yn,codes,16,60,60,15,0,0,0,0.5333333333333333,0.5,0.575,0.9833333333333333,0.95,1.0,0.9166666666666666,0.8333333333333334,0.9833333333333333,0.5333333333333334,0.5,0.575,1.0,0.7961166964035129,1.0,0.9916666666666667,0.975,1.0
v3.1,mistral24b_pin,yn,pooled,4,120,120,30,0,0,0,0.6125,0.5666666666666667,0.6625,0.9583333333333334,0.9166666666666666,0.9916666666666667,0.7333333333333333,0.6416666666666667,0.8166666666666667,0.6125,0.5666666666666667,0.6625000000000001,1.0,0.886486605238548,1.0,0.9791666666666667,0.9583333333333333,0.9958333333333333
v3.1,mistral24b_pin,yn,pooled,8,120,120,30,0,0,0,0.5625,0.5041666666666667,0.625,0.7916666666666666,0.7164583333333333,0.8583333333333333,0.6666666666666666,0.575,0.7583333333333333,0.5625,0.5041666666666667,0.625,1.0,0.886486605238548,1.0,0.8958333333333333,0.8583333333333334,0.9333333333333333
v3.1,mistral24b_pin,yn,pooled,12,120,120,30,0,0,0,0.49583333333333335,0.44583333333333336,0.55,0.8083333333333333,0.725,0.8833333333333333,0.8166666666666667,0.7416666666666667,0.8833333333333333,0.49583333333333335,0.44583333333333325,0.55,1.0,0.886486605238548,1.0,0.9041666666666667,0.8625,0.9416666666666667
v3.1,mistral24b_pin,yn,pooled,16,120,120,30,0,0,0,0.5083333333333333,0.4625,0.5583333333333333,0.8666666666666667,0.8,0.925,0.85,0.7666666666666667,0.9166666666666666,0.5083333333333333,0.46249999999999997,0.5583333333333333,1.0,0.886486605238548,1.0,0.9333333333333333,0.9,0.9625
v3.1,gemma27b,prob,names,4,60,60,15,0,0,0,0.7283333333333334,0.6548506944444444,0.7941666666666667,0.9333333333333333,0.8666666666666667,0.9833333333333333,0.48333333333333334,0.36666666666666664,0.6166666666666667,0.725,0.65,0.7916666666666667,1.0,0.7961166964035129,1.0,0.9666666666666667,0.9333333333333333,0.9916666666666667
v3.1,gemma27b,prob,names,8,60,60,15,0,0,0,0.7361111111111112,0.6511006944444444,0.8183715277777776,0.9666666666666667,0.9166666666666666,1.0,0.7666666666666667,0.66625,0.8666666666666667,0.6000000000000001,0.5416666666666667,0.6583333333333334,1.0,0.7961166964035129,1.0,0.9833333333333334,0.9583333333333333,1.0
v3.1,gemma27b,prob,names,12,60,60,15,0,0,0,0.5583333333333333,0.4818020833333333,0.6344479166666667,1.0,0.9398281469657729,1.0,0.9833333333333333,0.95,1.0,0.5083333333333333,0.5,0.525,1.0,0.7961166964035129,1.0,1.0,0.9512761567859912,1.0
v3.1,gemma27b,prob,names,16,60,60,15,0,0,0,0.64,0.5674791666666666,0.7086111111111111,0.9833333333333333,0.95,1.0,0.9666666666666667,0.9166666666666666,1.0,0.5083333333333333,0.48333333333333334,0.5416666666666667,1.0,0.7961166964035129,1.0,0.9916666666666667,0.975,1.0
v3.1,gemma27b,prob,codes,4,60,60,15,0,0,0,0.7116666666666667,0.6424930555555555,0.779173611111111,0.95,0.8833333333333333,1.0,0.7166666666666667,0.6,0.8166666666666667,0.6166666666666667,0.5583333333333332,0.6833333333333333,1.0,0.7961166964035129,1.0,0.975,0.9416666666666667,1.0
v3.1,gemma27b,prob,codes,8,60,60,15,0,0,0,0.6520833333333333,0.5594340277777777,0.7413958333333333,0.9666666666666667,0.9166666666666666,1.0,0.9,0.8166666666666667,0.9666666666666667,0.5333333333333334,0.49166666666666664,0.5750000000000001,0.8666666666666667,0.6666666666666667,1.0,0.9166666666666667,0.8164583333333333,0.9916666666666667
v3.1,gemma27b,prob,codes,12,60,60,15,0,0,0,0.5463888888888889,0.46125,0.6301423611111111,1.0,0.9398281469657729,1.0,0.9833333333333333,0.95,1.0,0.5083333333333333,0.5,0.525,0.9333333333333333,0.8,1.0,0.9666666666666667,0.9,1.0
v3.1,gemma27b,prob,codes,16,60,60,15,0,0,0,0.5594444444444444,0.4915347222222222,0.6333333333333333,1.0,0.9398281469657729,1.0,0.9833333333333333,0.95,1.0,0.5083333333333333,0.5,0.525,0.4666666666666667,0.19999999999999996,0.7333333333333334,0.7333333333333334,0.6,0.8666666666666667
v3.1,gemma27b,prob,pooled,4,120,120,30,0,0,0,0.719375,0.6607552083333333,0.7766770833333332,0.9416666666666667,0.8916666666666667,0.9833333333333333,0.6,0.49166666666666664,0.7,0.6708333333333334,0.6125,0.7250000000000001,1.0,0.886486605238548,1.0,0.9708333333333333,0.9458333333333333,0.9916666666666667
v3.1,gemma27b,prob,pooled,8,120,120,30,0,0,0,0.6940277777777778,0.6264565972222222,0.7571571180555555,0.9666666666666667,0.9333333333333333,0.9916666666666667,0.8333333333333334,0.7583333333333333,0.9083333333333333,0.5666666666666667,0.5291666666666666,0.6083333333333334,0.9333333333333333,0.8333333333333334,1.0,0.9500000000000001,0.8958333333333334,0.9875
v3.1,gemma27b,prob,pooled,12,120,120,30,0,0,0,0.5523958333333333,0.4912465277777778,0.6167569444444444,1.0,0.9689808331071251,0.9999999999999999,0.9833333333333333,0.9583333333333334,1.0,0.5083333333333333,0.5,0.5208333333333333,0.9666666666666667,0.9,1.0,0.9833333333333333,0.95,1.0
v3.1,gemma27b,prob,pooled,16,120,120,30,0,0,0,0.6000694444444444,0.5466961805555556,0.6534487847222221,0.9916666666666667,0.975,1.0,0.975,0.9416666666666667,1.0,0.5083333333333333,0.4916666666666667,0.525,0.7333333333333334,0.6,0.8666666666666667,0.8625,0.8,0.9291666666666667
v3.1,gemma27b,yn,names,4,60,60,15,0,0,0,0.5416666666666666,0.5,0.5833333333333334,0.9833333333333333,0.95,1.0,0.9,0.8166666666666667,0.9666666666666667,0.5416666666666667,0.5,0.5833333333333334,1.0,0.7961166964035129,1.0,0.9916666666666667,0.975,1.0
v3.1,gemma27b,yn,names,8,60,60,15,0,0,0,0.5,0.5,0.5,1.0,0.9398281469657729,1.0,1.0,0.9398281469657729,1.0,0.5,0.5,0.5,1.0,0.7961166964035129,1.0,1.0,0.9512761567859912,1.0
v3.1,gemma27b,yn,names,12,60,60,15,0,0,0,0.5083333333333333,0.5,0.525,1.0,0.9398281469657729,1.0,0.9833333333333333,0.95,1.0,0.5083333333333333,0.5,0.525,1.0,0.7961166964035129,1.0,1.0,0.9512761567859912,1.0
v3.1,gemma27b,yn,names,16,60,60,15,0,0,0,0.5,0.5,0.5,1.0,0.9398281469657729,1.0,1.0,0.9398281469657729,1.0,0.5,0.5,0.5,1.0,0.7961166964035129,1.0,1.0,0.9512761567859912,1.0
v3.1,gemma27b,yn,codes,4,60,60,15,0,0,0,0.5,0.5,0.5,1.0,0.9398281469657729,1.0,1.0,0.9398281469657729,1.0,0.5,0.5,0.5,1.0,0.7961166964035129,1.0,1.0,0.9512761567859912,1.0
v3.1,gemma27b,yn,codes,8,60,60,15,0,0,0,0.5,0.5,0.5,1.0,0.9398281469657729,1.0,1.0,0.9398281469657729,1.0,0.5,0.5,0.5,0.9333333333333333,0.8,1.0,0.9666666666666667,0.9,1.0
v3.1,gemma27b,yn,codes,12,60,60,15,0,0,0,0.5,0.5,0.5,1.0,0.9398281469657729,1.0,1.0,0.9398281469657729,1.0,0.5,0.5,0.5,1.0,0.7961166964035129,1.0,1.0,0.9512761567859912,1.0
v3.1,gemma27b,yn,codes,16,60,60,15,0,0,0,0.5,0.5,0.5,1.0,0.9398281469657729,1.0,1.0,0.9398281469657729,1.0,0.5,0.5,0.5,1.0,0.7961166964035129,1.0,1.0,0.9512761567859912,1.0
v3.1,gemma27b,yn,pooled,4,120,120,30,0,0,0,0.5208333333333334,0.5,0.5416666666666666,0.9916666666666667,0.975,1.0,0.95,0.9083333333333333,0.9833333333333333,0.5208333333333334,0.5,0.5416666666666667,1.0,0.886486605238548,1.0,0.9958333333333333,0.9875,1.0
v3.1,gemma27b,yn,pooled,8,120,120,30,0,0,0,0.5,0.5,0.5,1.0,0.9689808331071251,0.9999999999999999,1.0,0.9689808331071251,0.9999999999999999,0.5,0.5,0.5,0.9666666666666667,0.9,1.0,0.9833333333333333,0.95,1.0
v3.1,gemma27b,yn,pooled,12,120,120,30,0,0,0,0.5041666666666667,0.5,0.5125,1.0,0.9689808331071251,0.9999999999999999,0.9916666666666667,0.975,1.0,0.5041666666666667,0.5,0.5125,1.0,0.886486605238548,1.0,1.0,0.9750297552478355,1.0
v3.1,gemma27b,yn,pooled,16,120,120,30,0,0,0,0.5,0.5,0.5,1.0,0.9689808331071251,0.9999999999999999,1.0,0.9689808331071251,0.9999999999999999,0.5,0.5,0.5,1.0,0.886486605238548,1.0,1.0,0.9750297552478355,1.0
v3.1,deepseekv32,prob,names,4,60,60,15,0,1,0,0.6333333333333333,0.575,0.6916666666666667,0.25,0.14958333333333335,0.36666666666666664,0.0,0.0,0.060171853034227174,0.625,0.575,0.6833333333333333,1.0,0.7961166964035129,1.0,0.625,0.575,0.6833333333333333
v3.1,deepseekv32,prob,names,8,60,60,15,0,0,0,0.525,0.48333333333333334,0.5666666666666667,0.08333333333333333,0.016666666666666666,0.16666666666666666,0.03333333333333333,0.0,0.08333333333333333,0.5249999999999999,0.48333333333333334,0.5666666666666667,1.0,0.7961166964035129,1.0,0.5416666666666666,0.5083333333333333,0.5833333333333334
v3.1,deepseekv32,prob,names,12,60,60,15,0,2,0,0.5254166666666666,0.4683333333333333,0.5822291666666666,0.11666666666666667,0.05,0.2004166666666644,0.06666666666666667,0.016666666666666666,0.13333333333333333,0.525,0.475,0.5750000000000001,1.0,0.7961166964035129,1.0,0.5583333333333333,0.525,0.6
v3.1,deepseekv32,prob,names,16,60,60,15,0,2,0,0.475,0.44166666666666665,0.5,0.0,0.0,0.060171853034227174,0.016666666666666666,0.0,0.05,0.49166666666666664,0.475,0.5,1.0,0.7961166964035129,1.0,0.5,0.5,0.5
v3.1,deepseekv32,prob,codes,4,60,60,15,0,0,0,0.5916666666666667,0.55,0.6416666666666667,0.18333333333333332,0.08333333333333333,0.2833333333333333,0.0,0.0,0.060171853034227174,0.5916666666666667,0.55,0.6416666666666666,1.0,0.7961166964035129,1.0,0.5916666666666667,0.5416666666666666,0.6416666666666666
v3.1,deepseekv32,prob,codes,8,60,60,15,0,1,0,0.5080555555555556,0.4741666666666667,0.5491701388888889,0.03333333333333333,0.0,0.08333333333333333,0.03333333333333333,0.0,0.08333333333333333,0.5,0.4666666666666667,0.5333333333333333,1.0,0.7961166964035129,1.0,0.5166666666666667,0.5,0.5416666666666666
v3.1,deepseekv32,prob,codes,12,60,60,15,0,2,0,0.5102777777777778,0.45291319444444444,0.5666666666666667,0.11666666666666667,0.05,0.2,0.06666666666666667,0.016666666666666666,0.13333333333333333,0.525,0.475,0.5750000000000001,1.0,0.7961166964035129,1.0,0.5583333333333333,0.5166666666666667,0.6
v3.1,deepseekv32,prob,codes,16,60,60,15,0,4,0,0.5388888888888889,0.47916319444444444,0.5983333333333334,0.1,0.03333333333333333,0.18333333333333332,0.08333333333333333,0.016666666666666666,0.16666666666666666,0.5083333333333334,0.4583333333333333,0.5583333333333333,1.0,0.7961166964035129,1.0,0.55,0.5166666666666667,0.5916666666666667
v3.1,deepseekv32,prob,pooled,4,120,120,30,0,1,0,0.6125,0.575,0.6541666666666667,0.21666666666666667,0.14166666666666666,0.3,0.0,0.0,0.03101916689287469,0.6083333333333334,0.5708333333333333,0.65,1.0,0.886486605238548,1.0,0.6083333333333334,0.5708333333333333,0.65
v3.1,deepseekv32,prob,pooled,8,120,120,30,0,1,0,0.5165277777777778,0.48694270833333336,0.5457638888888889,0.058333333333333334,0.025,0.1,0.03333333333333333,0.0,0.075,0.5125,0.4833333333333333,0.5376041666666662,1.0,0.886486605238548,1.0,0.5291666666666667,0.5083333333333333,0.55
v3.1,deepseekv32,prob,pooled,12,120,120,30,0,4,0,0.5178472222222222,0.47742708333333334,0.5550746527777777,0.11666666666666667,0.06666666666666667,0.175,0.06666666666666667,0.025,0.11666666666666667,0.525,0.48749999999999993,0.5583333333333333,1.0,0.886486605238548,1.0,0.5583333333333333,0.5333333333333333,0.5833333333333334
v3.1,deepseekv32,prob,pooled,16,120,120,30,0,6,0,0.5079166666666667,0.47412760416666666,0.5413211805555556,0.05,0.016666666666666666,0.09166666666666666,0.05,0.016666666666666666,0.09166666666666666,0.5,0.475,0.525,1.0,0.886486605238548,1.0,0.525,0.5083333333333333,0.5458333333333333
v3.1,deepseekv32,yn,names,4,60,60,15,0,0,0,0.6416666666666667,0.5666666666666667,0.7083333333333334,0.9166666666666666,0.85,0.9833333333333333,0.6333333333333333,0.5,0.75,0.6416666666666666,0.5666666666666667,0.7083333333333334,1.0,0.7961166964035129,1.0,0.9583333333333333,0.925,0.9916666666666667
v3.1,deepseekv32,yn,names,8,60,60,15,0,0,0,0.575,0.5,0.65,0.8333333333333334,0.7333333333333333,0.9166666666666666,0.6833333333333333,0.5666666666666667,0.7833333333333333,0.5750000000000001,0.49999999999999994,0.65,1.0,0.7961166964035129,1.0,0.9166666666666667,0.8666666666666667,0.9583333333333333
v3.1,deepseekv32,yn,names,12,60,60,15,0,0,0,0.5333333333333333,0.4583333333333333,0.6083333333333333,0.8333333333333334,0.7333333333333333,0.9166666666666666,0.7666666666666667,0.65,0.8666666666666667,0.5333333333333334,0.4583333333333334,0.6083333333333334,1.0,0.7961166964035129,1.0,0.9166666666666667,0.8666666666666667,0.9583333333333333
v3.1,deepseekv32,yn,names,16,60,60,15,0,0,0,0.5333333333333333,0.4583333333333333,0.6083333333333333,0.8,0.6833333333333333,0.9,0.7333333333333333,0.6166666666666667,0.8333333333333334,0.5333333333333334,0.4583333333333333,0.6083333333333334,1.0,0.7961166964035129,1.0,0.9,0.85,0.95
v3.1,deepseekv32,yn,codes,4,60,60,15,0,0,0,0.6166666666666667,0.5416666666666666,0.6916666666666667,0.8666666666666667,0.7833333333333333,0.95,0.6333333333333333,0.5166666666666667,0.75,0.6166666666666667,0.5416666666666666,0.6916666666666667,1.0,0.7961166964035129,1.0,0.9333333333333333,0.8916666666666666,0.975
v3.1,deepseekv32,yn,codes,8,60,60,15,0,0,0,0.5916666666666667,0.5166666666666667,0.6666666666666666,0.8833333333333333,0.8,0.95,0.7,0.5833333333333334,0.8166666666666667,0.5916666666666667,0.5166666666666666,0.6666666666666667,1.0,0.7961166964035129,1.0,0.9416666666666667,0.9,0.975
v3.1,deepseekv32,yn,codes,12,60,60,15,0,0,0,0.525,0.48333333333333334,0.5666666666666667,0.9666666666666667,0.9166666666666666,1.0,0.9166666666666666,0.8333333333333334,0.9833333333333333,0.5250000000000001,0.48333333333333334,0.5666666666666667,1.0,0.7961166964035129,1.0,0.9833333333333334,0.9583333333333333,1.0
v3.1,deepseekv32,yn,codes,16,60,60,15,0,0,0,0.5083333333333333,0.475,0.5416666666666666,0.9666666666666667,0.9166666666666666,1.0,0.95,0.8833333333333333,1.0,0.5083333333333334,0.475,0.5416666666666667,1.0,0.7961166964035129,1.0,0.9833333333333334,0.9583333333333333,1.0
v3.1,deepseekv32,yn,pooled,4,120,120,30,0,0,0,0.6291666666666667,0.5708333333333333,0.6833333333333333,0.8916666666666667,0.8333333333333334,0.9416666666666667,0.6333333333333333,0.5333333333333333,0.7333333333333333,0.6291666666666667,0.5708333333333333,0.6833333333333333,1.0,0.886486605238548,1.0,0.9458333333333333,0.9166666666666667,0.975
v3.1,deepseekv32,yn,pooled,8,120,120,30,0,0,0,0.5833333333333334,0.5125,0.6541666666666667,0.8583333333333333,0.775,0.9333333333333333,0.6916666666666667,0.5833333333333334,0.7916666666666666,0.5833333333333334,0.5125,0.6541666666666666,1.0,0.886486605238548,1.0,0.9291666666666667,0.8875,0.9666666666666667
v3.1,deepseekv32,yn,pooled,12,120,120,30,0,0,0,0.5291666666666667,0.4791666666666667,0.5791666666666667,0.9,0.8414583333333333,0.9583333333333334,0.8416666666666667,0.7583333333333333,0.9083333333333333,0.5291666666666666,0.47916666666666674,0.5791666666666666,1.0,0.886486605238548,1.0,0.95,0.9208333333333334,0.9791666666666667
v3.1,deepseekv32,yn,pooled,16,120,120,30,0,0,0,0.5208333333333334,0.475,0.5666666666666667,0.8833333333333333,0.8083333333333333,0.9416666666666667,0.8416666666666667,0.7666666666666667,0.9083333333333333,0.5208333333333333,0.475,0.5666666666666667,1.0,0.886486605238548,1.0,0.9416666666666667,0.9083333333333333,0.9708333333333333
v3.1,haiku,prob,names,4,60,60,15,0,3,0,0.7488888888888889,0.6805555555555556,0.8127777777777778,0.2833333333333333,0.16666666666666666,0.4,0.0,0.0,0.060171853034227174,0.6416666666666666,0.5833333333333334,0.7,1.0,0.7961166964035129,1.0,0.6416666666666666,0.5833333333333334,0.7
v3.1,haiku,prob,names,8,60,60,15,0,4,0,0.6263888888888889,0.5680555555555555,0.6855590277777778,0.016666666666666666,0.0,0.05,0.0,0.0,0.060171853034227174,0.5083333333333333,0.5,0.525,1.0,0.7961166964035129,1.0,0.5083333333333333,0.5,0.525
v3.1,haiku,prob,names,12,60,60,15,0,0,0,0.65,0.5916666666666667,0.7083333333333334,0.1,0.03333333333333333,0.18333333333333332,0.0,0.0,0.060171853034227174,0.55,0.5166666666666667,0.5835416666666655,1.0,0.7961166964035129,1.0,0.55,0.5166666666666667,0.5916666666666667
v3.1,haiku,prob,names,16,60,60,15,0,0,0,0.6675,0.5899965277777778,0.7493090277777777,0.2,0.11666666666666667,0.3,0.1,0.03333333333333333,0.18333333333333332,0.5499999999999999,0.49166666666666664,0.6083333333333334,1.0,0.7961166964035129,1.0,0.6,0.55,0.65
v3.1,haiku,prob,codes,4,60,60,15,0,4,0,0.8183333333333334,0.7541666666666667,0.8786145833333333,0.5166666666666667,0.4,0.65,0.0,0.0,0.060171853034227174,0.7583333333333333,0.6916666666666667,0.825,1.0,0.7961166964035129,1.0,0.7583333333333333,0.7,0.825
v3.1,haiku,prob,codes,8,60,60,15,0,2,0,0.6304166666666666,0.5574479166666667,0.7066666666666667,0.25,0.15,0.36666666666666664,0.08333333333333333,0.016666666666666666,0.16666666666666666,0.5833333333333334,0.5166666666666667,0.65,1.0,0.7961166964035129,1.0,0.625,0.575,0.6833333333333333
v3.1,haiku,prob,codes,12,60,60,15,0,2,0,0.6501388888888889,0.5624965277777778,0.7408402777777777,0.38333333333333336,0.26666666666666666,0.5,0.25,0.13333333333333333,0.36666666666666664,0.5666666666666667,0.48333333333333334,0.65,1.0,0.7961166964035129,1.0,0.6916666666666667,0.6333333333333333,0.7583333333333333
v3.1,haiku,prob,codes,16,59,60,15,1,0,0,0.6050847457627119,0.51125,0.6913983050847456,0.3559322033898305,0.23728813559322035,0.4745762711864407,0.26666666666666666,0.15,0.38333333333333336,0.5446327683615819,0.46059322033898303,0.6286723163841808,1.0,0.7961166964035129,1.0,0.6779661016949152,0.6186440677966102,0.7372881355932204
v3.1,haiku,prob,pooled,4,120,120,30,0,7,0,0.7829861111111112,0.7337734375,0.8294826388888888,0.4,0.30833333333333335,0.48333333333333334,0.0,0.0,0.03101916689287469,0.7,0.6541666666666667,0.7416666666666667,1.0,0.886486605238548,1.0,0.7,0.6583333333333333,0.7458333333333333
v3.1,haiku,prob,pooled,8,120,120,30,0,6,0,0.6264583333333333,0.5748593750000001,0.6808394097222221,0.13333333333333333,0.075,0.19166666666666668,0.041666666666666664,0.008333333333333333,0.08333333333333333,0.5458333333333333,0.5125,0.5791666666666667,1.0,0.886486605238548,1.0,0.5666666666666667,0.5416666666666666,0.5958333333333333
v3.1,haiku,prob,pooled,12,120,120,30,0,2,0,0.6502430555555555,0.5956831597222222,0.7033437499999999,0.24166666666666667,0.15833333333333333,0.325,0.125,0.06666666666666667,0.18333333333333332,0.5583333333333333,0.5083333333333334,0.6083333333333333,1.0,0.886486605238548,1.0,0.6208333333333333,0.5833333333333334,0.6625
v3.1,haiku,prob,pooled,16,119,120,30,1,0,0,0.6341036414565826,0.569859375,0.7003489583333333,0.2773109243697479,0.19166666666666668,0.3728813559322034,0.18333333333333332,0.10833333333333334,0.275,0.5469887955182072,0.4854608050847458,0.6059065511797938,1.0,0.886486605238548,1.0,0.6386554621848739,0.5932203389830508,0.6848739495798319
v3.1,haiku,yn,names,4,60,60,15,0,0,0,0.575,0.5333333333333333,0.625,0.15,0.06666666666666667,0.25,0.0,0.0,0.060171853034227174,0.575,0.5333333333333333,0.625,1.0,0.7961166964035129,1.0,0.575,0.5333333333333333,0.625
v3.1,haiku,yn,names,8,60,60,15,0,0,0,0.5083333333333333,0.5,0.525,0.016666666666666666,0.0,0.05,0.0,0.0,0.060171853034227174,0.5083333333333333,0.5,0.525,1.0,0.7961166964035129,1.0,0.5083333333333333,0.5,0.525
v3.1,haiku,yn,names,12,60,60,15,0,0,0,0.525,0.5,0.5502083333333322,0.05,0.0,0.1,0.0,0.0,0.060171853034227174,0.525,0.5,0.5502083333333322,1.0,0.7961166964035129,1.0,0.525,0.5,0.55
v3.1,haiku,yn,names,16,60,60,15,0,0,0,0.5333333333333333,0.5,0.575,0.08333333333333333,0.016666666666666666,0.16666666666666666,0.016666666666666666,0.0,0.05,0.5333333333333333,0.49999999999999994,0.575,1.0,0.7961166964035129,1.0,0.5416666666666666,0.5083333333333333,0.575
v3.1,haiku,yn,codes,4,60,60,15,0,0,0,0.65,0.5916666666666667,0.7083333333333334,0.3,0.19958333333333336,0.4166666666666667,0.0,0.0,0.060171853034227174,0.65,0.5916666666666667,0.7083333333333334,1.0,0.7961166964035129,1.0,0.65,0.5916666666666667,0.7083333333333334
v3.1,haiku,yn,codes,8,60,60,15,0,0,0,0.5416666666666666,0.5,0.5833333333333334,0.1,0.03333333333333333,0.18333333333333332,0.016666666666666666,0.0,0.06666666666666667,0.5416666666666667,0.5,0.5833333333333334,1.0,0.7961166964035129,1.0,0.55,0.5166666666666667,0.5916666666666667
v3.1,haiku,yn,codes,12,60,60,15,0,0,0,0.5666666666666667,0.5083333333333333,0.625,0.18333333333333332,0.1,0.2833333333333333,0.05,0.0,0.11666666666666667,0.5666666666666667,0.5083333333333334,0.625,1.0,0.7961166964035129,1.0,0.5916666666666667,0.55,0.6416666666666666
v3.1,haiku,yn,codes,16,60,60,15,0,0,0,0.525,0.4583333333333333,0.6,0.21666666666666667,0.11666666666666667,0.31666666666666665,0.16666666666666666,0.08333333333333333,0.26666666666666666,0.525,0.4583333333333333,0.6,1.0,0.7961166964035129,1.0,0.6083333333333334,0.5583333333333333,0.6583333333333333
v3.1,haiku,yn,pooled,4,120,120,30,0,0,0,0.6125,0.575,0.6541666666666667,0.225,0.15,0.30833333333333335,0.0,0.0,0.03101916689287469,0.6125,0.575,0.6541666666666667,1.0,0.886486605238548,1.0,0.6125,0.5708333333333333,0.6541666666666667
v3.1,haiku,yn,pooled,8,120,120,30,0,0,0,0.525,0.5041666666666667,0.5459374999999994,0.058333333333333334,0.016666666666666666,0.1,0.008333333333333333,0.0,0.03333333333333333,0.525,0.5041666666666667,0.5459374999999995,1.0,0.886486605238548,1.0,0.5291666666666667,0.5125,0.55
v3.1,haiku,yn,pooled,12,120,120,30,0,0,0,0.5458333333333333,0.5125,0.5833333333333334,0.11666666666666667,0.058333333333333334,0.18333333333333332,0.025,0.0,0.058333333333333334,0.5458333333333334,0.5125,0.5833333333333334,1.0,0.886486605238548,1.0,0.5583333333333333,0.5291666666666667,0.5916666666666667
v3.1,haiku,yn,pooled,16,120,120,30,0,0,0,0.5291666666666667,0.4875,0.5708333333333333,0.15,0.08333333333333333,0.21666666666666667,0.09166666666666666,0.041666666666666664,0.15,0.5291666666666667,0.48750000000000004,0.5708333333333334,1.0,0.886486605238548,1.0,0.575,0.5416666666666666,0.6083333333333334
v3.1,sonnet5_reason,prob,names,4,20,20,0,0,0,0,1.0,1.0,1.0,1.0,0.8388748398148705,1.0,0.0,0.0,0.16112516018512965,1.0,0.9123783975415363,1.0,,,,,,
v3.1,sonnet5_reason,prob,names,16,20,20,0,0,0,0,1.0,1.0,1.0,1.0,0.8388748398148705,1.0,0.0,0.0,0.16112516018512965,1.0,0.9123783975415363,1.0,,,,,,
v3.1,jev_holonly,prob,names,4,60,60,15,0,0,0,0.9979166666666667,0.992357638888889,1.0,1.0,0.9398281469657729,1.0,0.16666666666666666,0.08333333333333333,0.26666666666666666,0.9166666666666666,0.8666666666666667,0.9583333333333334,1.0,0.7961166964035129,1.0,1.0,0.9512761567859912,1.0
v3.1,jev_holonly,prob,names,8,60,60,15,0,0,0,0.9518055555555556,0.9088854166666667,0.9844444444444445,0.9833333333333333,0.95,1.0,0.6166666666666667,0.5,0.7333333333333333,0.6833333333333333,0.6166666666666667,0.75,1.0,0.7961166964035129,1.0,0.9916666666666667,0.975,1.0
v3.1,jev_holonly,prob,names,12,60,60,15,0,0,0,0.7891666666666667,0.7101041666666666,0.8608402777777777,1.0,0.9398281469657729,1.0,0.8833333333333333,0.8,0.95,0.5583333333333333,0.525,0.6,1.0,0.7961166964035129,1.0,1.0,0.9512761567859912,1.0
v3.1,jev_holonly,prob,names,16,60,60,15,0,0,0,0.6743055555555556,0.5795763888888888,0.7658402777777777,1.0,0.9398281469657729,1.0,0.9333333333333333,0.8666666666666667,0.9833333333333333,0.5333333333333333,0.5083333333333333,0.5666666666666667,1.0,0.7961166964035129,1.0,1.0,0.9512761567859912,1.0
v3.1,jev_holonly,prob,codes,4,60,60,15,0,0,0,0.9902777777777778,0.9767986111111111,0.9981944444444445,1.0,0.9398281469657729,1.0,0.26666666666666666,0.16666666666666666,0.38333333333333336,0.8666666666666667,0.8083333333333333,0.925,1.0,0.7961166964035129,1.0,1.0,0.9512761567859912,1.0
v3.1,jev_holonly,prob,codes,8,60,60,15,0,0,0,0.9222222222222223,0.8672152777777777,0.966392361111111,0.95,0.8833333333333333,1.0,0.55,0.4166666666666667,0.6666666666666666,0.7,0.6333333333333333,0.7749999999999999,1.0,0.7961166964035129,1.0,0.975,0.9416666666666667,1.0
v3.1,jev_holonly,prob,codes,12,60,60,15,0,0,0,0.8006944444444445,0.7226111111111112,0.8750104166666666,0.9833333333333333,0.95,1.0,0.7833333333333333,0.6833333333333333,0.8833333333333333,0.6000000000000001,0.55,0.6583333333333333,1.0,0.7961166964035129,1.0,0.9916666666666667,0.975,1.0
v3.1,jev_holonly,prob,codes,16,60,60,15,0,0,0,0.6698611111111111,0.5748541666666667,0.7598715277777777,1.0,0.9398281469657729,1.0,0.85,0.75,0.9333333333333333,0.575,0.5333333333333333,0.625,1.0,0.7961166964035129,1.0,1.0,0.9512761567859912,1.0
v3.1,jev_holonly,prob,pooled,4,120,120,30,0,0,0,0.9951041666666667,0.9876727430555555,0.999375,1.0,0.9689808331071251,0.9999999999999999,0.21666666666666667,0.14166666666666666,0.2916666666666667,0.8916666666666666,0.8541666666666666,0.9291666666666667,1.0,0.886486605238548,1.0,1.0,0.9750297552478355,1.0
v3.1,jev_holonly,prob,pooled,8,120,120,30,0,0,0,0.9370486111111112,0.9027022569444444,0.9678133680555555,0.9666666666666667,0.9333333333333333,0.9916666666666667,0.5833333333333334,0.48333333333333334,0.6833333333333333,0.6916666666666667,0.6333333333333334,0.7458333333333333,1.0,0.886486605238548,1.0,0.9833333333333334,0.9666666666666667,0.9958333333333333
v3.1,jev_holonly,prob,pooled,12,120,120,30,0,0,0,0.7941319444444445,0.7267213541666667,0.8559383680555556,0.9916666666666667,0.975,1.0,0.8333333333333334,0.75,0.9083333333333333,0.5791666666666666,0.5416666666666667,0.6208333333333333,1.0,0.886486605238548,1.0,0.9958333333333333,0.9875,1.0
v3.1,jev_holonly,prob,pooled,16,120,120,30,0,0,0,0.6681597222222222,0.5822907986111111,0.7505277777777777,1.0,0.9689808331071251,0.9999999999999999,0.8916666666666667,0.825,0.95,0.5541666666666667,0.525,0.5875,1.0,0.886486605238548,1.0,1.0,0.9750297552478355,1.0
