phase,model,format,r,n,share,cases,valid,ambiguous_scale,truncated,attempted_reasoning,refusal,invalid,api_error
main,deepseek,count,0.52,4,0.25,18,18,0,0,0,0,0,0
main,deepseek,count,0.52,4,0.5,18,18,0,0,0,0,0,0
main,deepseek,count,0.52,4,0.75,18,18,0,0,0,0,0,0
main,deepseek,count,0.52,8,0.25,18,18,0,0,0,0,0,0
main,deepseek,count,0.52,8,0.375,18,18,0,0,0,0,0,0
main,deepseek,count,0.52,8,0.5,18,18,0,0,0,0,0,0
main,deepseek,count,0.52,8,0.625,18,18,0,0,0,0,0,0
main,deepseek,count,0.52,8,0.75,18,18,0,0,0,0,0,0
main,deepseek,count,0.52,16,0.25,18,18,0,0,0,0,0,0
main,deepseek,count,0.52,16,0.375,18,18,0,0,0,0,0,0
main,deepseek,count,0.52,16,0.5,18,18,0,0,0,0,0,0
main,deepseek,count,0.52,16,0.625,18,18,0,0,0,0,0,0
main,deepseek,count,0.52,16,0.75,18,18,0,0,0,0,0,0
main,deepseek,count,0.52,32,0.25,18,18,0,0,0,0,0,0
main,deepseek,count,0.52,32,0.375,18,18,0,0,0,0,0,0
main,deepseek,count,0.52,32,0.5,18,18,0,0,0,0,0,0
main,deepseek,count,0.52,32,0.625,18,18,0,0,0,0,0,0
main,deepseek,count,0.52,32,0.75,18,18,0,0,0,0,0,0
main,deepseek,count,0.52,64,0.25,18,18,0,0,0,0,0,0
main,deepseek,count,0.52,64,0.375,18,18,0,0,0,0,0,0
main,deepseek,count,0.52,64,0.5,18,18,0,0,0,0,0,0
main,deepseek,count,0.52,64,0.625,18,18,0,0,0,0,0,0
main,deepseek,count,0.52,64,0.75,18,18,0,0,0,0,0,0
main,deepseek,count,0.55,4,0.25,18,18,0,0,0,0,0,0
main,deepseek,count,0.55,4,0.5,18,18,0,0,0,0,0,0
main,deepseek,count,0.55,4,0.75,18,18,0,0,0,0,0,0
main,deepseek,count,0.55,8,0.25,18,18,0,0,0,0,0,0
main,deepseek,count,0.55,8,0.375,18,18,0,0,0,0,0,0
main,deepseek,count,0.55,8,0.5,18,18,0,0,0,0,0,0
main,deepseek,count,0.55,8,0.625,18,18,0,0,0,0,0,0
main,deepseek,count,0.55,8,0.75,18,18,0,0,0,0,0,0
main,deepseek,count,0.55,16,0.25,18,18,0,0,0,0,0,0
main,deepseek,count,0.55,16,0.375,18,18,0,0,0,0,0,0
main,deepseek,count,0.55,16,0.5,18,18,0,0,0,0,0,0
main,deepseek,count,0.55,16,0.625,18,18,0,0,0,0,0,0
main,deepseek,count,0.55,16,0.75,18,18,0,0,0,0,0,0
main,deepseek,count,0.55,32,0.25,18,18,0,0,0,0,0,0
main,deepseek,count,0.55,32,0.375,18,18,0,0,0,0,0,0
main,deepseek,count,0.55,32,0.5,18,18,0,0,0,0,0,0
main,deepseek,count,0.55,32,0.625,18,18,0,0,0,0,0,0
main,deepseek,count,0.55,32,0.75,18,18,0,0,0,0,0,0
main,deepseek,count,0.55,64,0.25,18,18,0,0,0,0,0,0
main,deepseek,count,0.55,64,0.375,18,18,0,0,0,0,0,0
main,deepseek,count,0.55,64,0.5,18,18,0,0,0,0,0,0
main,deepseek,count,0.55,64,0.625,18,18,0,0,0,0,0,0
main,deepseek,count,0.55,64,0.75,18,18,0,0,0,0,0,0
main,deepseek,count,0.7,4,0.25,18,18,0,0,0,0,0,0
main,deepseek,count,0.7,4,0.5,18,18,0,0,0,0,0,0
main,deepseek,count,0.7,4,0.75,18,18,0,0,0,0,0,0
main,deepseek,count,0.7,8,0.25,18,18,0,0,0,0,0,0
main,deepseek,count,0.7,8,0.375,18,18,0,0,0,0,0,0
main,deepseek,count,0.7,8,0.5,18,18,0,0,0,0,0,0
main,deepseek,count,0.7,8,0.625,18,18,0,0,0,0,0,0
main,deepseek,count,0.7,8,0.75,18,18,0,0,0,0,0,0
main,deepseek,count,0.7,16,0.25,18,18,0,0,0,0,0,0
main,deepseek,count,0.7,16,0.375,18,18,0,0,0,0,0,0
main,deepseek,count,0.7,16,0.5,18,18,0,0,0,0,0,0
main,deepseek,count,0.7,16,0.625,18,18,0,0,0,0,0,0
main,deepseek,count,0.7,16,0.75,18,18,0,0,0,0,0,0
main,deepseek,count,0.7,32,0.25,18,18,0,0,0,0,0,0
main,deepseek,count,0.7,32,0.375,18,18,0,0,0,0,0,0
main,deepseek,count,0.7,32,0.5,18,18,0,0,0,0,0,0
main,deepseek,count,0.7,32,0.625,18,18,0,0,0,0,0,0
main,deepseek,count,0.7,32,0.75,18,18,0,0,0,0,0,0
main,deepseek,count,0.7,64,0.25,18,18,0,0,0,0,0,0
main,deepseek,count,0.7,64,0.375,18,18,0,0,0,0,0,0
main,deepseek,count,0.7,64,0.5,18,18,0,0,0,0,0,0
main,deepseek,count,0.7,64,0.625,18,18,0,0,0,0,0,0
main,deepseek,count,0.7,64,0.75,18,18,0,0,0,0,0,0
main,deepseek,listed,0.52,4,0.25,18,18,0,0,0,0,0,0
main,deepseek,listed,0.52,4,0.5,18,18,0,0,0,0,0,0
main,deepseek,listed,0.52,4,0.75,18,18,0,0,0,0,0,0
main,deepseek,listed,0.52,8,0.25,18,18,0,0,0,0,0,0
main,deepseek,listed,0.52,8,0.375,18,18,0,0,0,0,0,0
main,deepseek,listed,0.52,8,0.5,18,18,0,0,0,0,0,0
main,deepseek,listed,0.52,8,0.625,18,18,0,0,0,0,0,0
main,deepseek,listed,0.52,8,0.75,18,18,0,0,0,0,0,0
main,deepseek,listed,0.52,16,0.25,18,18,0,0,0,0,0,0
main,deepseek,listed,0.52,16,0.375,18,18,0,0,0,0,0,0
main,deepseek,listed,0.52,16,0.5,18,18,0,0,0,0,0,0
main,deepseek,listed,0.52,16,0.625,18,18,0,0,0,0,0,0
main,deepseek,listed,0.52,16,0.75,18,18,0,0,0,0,0,0
main,deepseek,listed,0.52,32,0.25,18,18,0,0,0,0,0,0
main,deepseek,listed,0.52,32,0.375,18,18,0,0,0,0,0,0
main,deepseek,listed,0.52,32,0.5,18,18,0,0,0,0,0,0
main,deepseek,listed,0.52,32,0.625,18,18,0,0,0,0,0,0
main,deepseek,listed,0.52,32,0.75,18,18,0,0,0,0,0,0
main,deepseek,listed,0.52,64,0.25,18,18,0,0,0,0,0,0
main,deepseek,listed,0.52,64,0.375,18,18,0,0,0,0,0,0
main,deepseek,listed,0.52,64,0.5,18,18,0,0,0,0,0,0
main,deepseek,listed,0.52,64,0.625,18,18,0,0,0,0,0,0
main,deepseek,listed,0.52,64,0.75,18,18,0,0,0,0,0,0
main,deepseek,listed,0.55,4,0.25,18,18,0,0,0,0,0,0
main,deepseek,listed,0.55,4,0.5,18,18,0,0,0,0,0,0
main,deepseek,listed,0.55,4,0.75,18,18,0,0,0,0,0,0
main,deepseek,listed,0.55,8,0.25,18,18,0,0,0,0,0,0
main,deepseek,listed,0.55,8,0.375,18,18,0,0,0,0,0,0
main,deepseek,listed,0.55,8,0.5,18,18,0,0,0,0,0,0
main,deepseek,listed,0.55,8,0.625,18,18,0,0,0,0,0,0
main,deepseek,listed,0.55,8,0.75,18,18,0,0,0,0,0,0
main,deepseek,listed,0.55,16,0.25,18,18,0,0,0,0,0,0
main,deepseek,listed,0.55,16,0.375,18,18,0,0,0,0,0,0
main,deepseek,listed,0.55,16,0.5,18,18,0,0,0,0,0,0
main,deepseek,listed,0.55,16,0.625,18,18,0,0,0,0,0,0
main,deepseek,listed,0.55,16,0.75,18,18,0,0,0,0,0,0
main,deepseek,listed,0.55,32,0.25,18,18,0,0,0,0,0,0
main,deepseek,listed,0.55,32,0.375,18,18,0,0,0,0,0,0
main,deepseek,listed,0.55,32,0.5,18,18,0,0,0,0,0,0
main,deepseek,listed,0.55,32,0.625,18,18,0,0,0,0,0,0
main,deepseek,listed,0.55,32,0.75,18,18,0,0,0,0,0,0
main,deepseek,listed,0.55,64,0.25,18,18,0,0,0,0,0,0
main,deepseek,listed,0.55,64,0.375,18,18,0,0,0,0,0,0
main,deepseek,listed,0.55,64,0.5,18,18,0,0,0,0,0,0
main,deepseek,listed,0.55,64,0.625,18,18,0,0,0,0,0,0
main,deepseek,listed,0.55,64,0.75,18,18,0,0,0,0,0,0
main,deepseek,listed,0.7,4,0.25,18,18,0,0,0,0,0,0
main,deepseek,listed,0.7,4,0.5,18,18,0,0,0,0,0,0
main,deepseek,listed,0.7,4,0.75,18,18,0,0,0,0,0,0
main,deepseek,listed,0.7,8,0.25,18,18,0,0,0,0,0,0
main,deepseek,listed,0.7,8,0.375,18,18,0,0,0,0,0,0
main,deepseek,listed,0.7,8,0.5,18,18,0,0,0,0,0,0
main,deepseek,listed,0.7,8,0.625,18,18,0,0,0,0,0,0
main,deepseek,listed,0.7,8,0.75,18,18,0,0,0,0,0,0
main,deepseek,listed,0.7,16,0.25,18,18,0,0,0,0,0,0
main,deepseek,listed,0.7,16,0.375,18,18,0,0,0,0,0,0
main,deepseek,listed,0.7,16,0.5,18,18,0,0,0,0,0,0
main,deepseek,listed,0.7,16,0.625,18,18,0,0,0,0,0,0
main,deepseek,listed,0.7,16,0.75,18,18,0,0,0,0,0,0
main,deepseek,listed,0.7,32,0.25,18,18,0,0,0,0,0,0
main,deepseek,listed,0.7,32,0.375,18,18,0,0,0,0,0,0
main,deepseek,listed,0.7,32,0.5,18,18,0,0,0,0,0,0
main,deepseek,listed,0.7,32,0.625,18,18,0,0,0,0,0,0
main,deepseek,listed,0.7,32,0.75,18,18,0,0,0,0,0,0
main,deepseek,listed,0.7,64,0.25,18,18,0,0,0,0,0,0
main,deepseek,listed,0.7,64,0.375,18,18,0,0,0,0,0,0
main,deepseek,listed,0.7,64,0.5,18,18,0,0,0,0,0,0
main,deepseek,listed,0.7,64,0.625,18,18,0,0,0,0,0,0
main,deepseek,listed,0.7,64,0.75,18,18,0,0,0,0,0,0
main,gemma,count,0.52,4,0.25,18,18,0,0,0,0,0,0
main,gemma,count,0.52,4,0.5,18,18,0,0,0,0,0,0
main,gemma,count,0.52,4,0.75,18,18,0,0,0,0,0,0
main,gemma,count,0.52,8,0.25,18,18,0,0,0,0,0,0
main,gemma,count,0.52,8,0.375,18,18,0,0,0,0,0,0
main,gemma,count,0.52,8,0.5,18,18,0,0,0,0,0,0
main,gemma,count,0.52,8,0.625,18,18,0,0,0,0,0,0
main,gemma,count,0.52,8,0.75,18,18,0,0,0,0,0,0
main,gemma,count,0.52,16,0.25,18,18,0,0,0,0,0,0
main,gemma,count,0.52,16,0.375,18,18,0,0,0,0,0,0
main,gemma,count,0.52,16,0.5,18,18,0,0,0,0,0,0
main,gemma,count,0.52,16,0.625,18,18,0,0,0,0,0,0
main,gemma,count,0.52,16,0.75,18,18,0,0,0,0,0,0
main,gemma,count,0.52,32,0.25,18,18,0,0,0,0,0,0
main,gemma,count,0.52,32,0.375,18,18,0,0,0,0,0,0
main,gemma,count,0.52,32,0.5,18,18,0,0,0,0,0,0
main,gemma,count,0.52,32,0.625,18,18,0,0,0,0,0,0
main,gemma,count,0.52,32,0.75,18,18,0,0,0,0,0,0
main,gemma,count,0.52,64,0.25,18,18,0,0,0,0,0,0
main,gemma,count,0.52,64,0.375,18,18,0,0,0,0,0,0
main,gemma,count,0.52,64,0.5,18,18,0,0,0,0,0,0
main,gemma,count,0.52,64,0.625,18,18,0,0,0,0,0,0
main,gemma,count,0.52,64,0.75,18,18,0,0,0,0,0,0
main,gemma,count,0.55,4,0.25,18,18,0,0,0,0,0,0
main,gemma,count,0.55,4,0.5,18,18,0,0,0,0,0,0
main,gemma,count,0.55,4,0.75,18,18,0,0,0,0,0,0
main,gemma,count,0.55,8,0.25,18,18,0,0,0,0,0,0
main,gemma,count,0.55,8,0.375,18,18,0,0,0,0,0,0
main,gemma,count,0.55,8,0.5,18,18,0,0,0,0,0,0
main,gemma,count,0.55,8,0.625,18,18,0,0,0,0,0,0
main,gemma,count,0.55,8,0.75,18,18,0,0,0,0,0,0
main,gemma,count,0.55,16,0.25,18,18,0,0,0,0,0,0
main,gemma,count,0.55,16,0.375,18,18,0,0,0,0,0,0
main,gemma,count,0.55,16,0.5,18,18,0,0,0,0,0,0
main,gemma,count,0.55,16,0.625,18,18,0,0,0,0,0,0
main,gemma,count,0.55,16,0.75,18,18,0,0,0,0,0,0
main,gemma,count,0.55,32,0.25,18,18,0,0,0,0,0,0
main,gemma,count,0.55,32,0.375,18,18,0,0,0,0,0,0
main,gemma,count,0.55,32,0.5,18,18,0,0,0,0,0,0
main,gemma,count,0.55,32,0.625,18,18,0,0,0,0,0,0
main,gemma,count,0.55,32,0.75,18,18,0,0,0,0,0,0
main,gemma,count,0.55,64,0.25,18,18,0,0,0,0,0,0
main,gemma,count,0.55,64,0.375,18,18,0,0,0,0,0,0
main,gemma,count,0.55,64,0.5,18,18,0,0,0,0,0,0
main,gemma,count,0.55,64,0.625,18,18,0,0,0,0,0,0
main,gemma,count,0.55,64,0.75,18,18,0,0,0,0,0,0
main,gemma,count,0.7,4,0.25,18,18,0,0,0,0,0,0
main,gemma,count,0.7,4,0.5,18,18,0,0,0,0,0,0
main,gemma,count,0.7,4,0.75,18,18,0,0,0,0,0,0
main,gemma,count,0.7,8,0.25,18,18,0,0,0,0,0,0
main,gemma,count,0.7,8,0.375,18,18,0,0,0,0,0,0
main,gemma,count,0.7,8,0.5,18,18,0,0,0,0,0,0
main,gemma,count,0.7,8,0.625,18,18,0,0,0,0,0,0
main,gemma,count,0.7,8,0.75,18,18,0,0,0,0,0,0
main,gemma,count,0.7,16,0.25,18,18,0,0,0,0,0,0
main,gemma,count,0.7,16,0.375,18,18,0,0,0,0,0,0
main,gemma,count,0.7,16,0.5,18,18,0,0,0,0,0,0
main,gemma,count,0.7,16,0.625,18,18,0,0,0,0,0,0
main,gemma,count,0.7,16,0.75,18,18,0,0,0,0,0,0
main,gemma,count,0.7,32,0.25,18,18,0,0,0,0,0,0
main,gemma,count,0.7,32,0.375,18,18,0,0,0,0,0,0
main,gemma,count,0.7,32,0.5,18,18,0,0,0,0,0,0
main,gemma,count,0.7,32,0.625,18,18,0,0,0,0,0,0
main,gemma,count,0.7,32,0.75,18,18,0,0,0,0,0,0
main,gemma,count,0.7,64,0.25,18,18,0,0,0,0,0,0
main,gemma,count,0.7,64,0.375,18,18,0,0,0,0,0,0
main,gemma,count,0.7,64,0.5,18,18,0,0,0,0,0,0
main,gemma,count,0.7,64,0.625,18,18,0,0,0,0,0,0
main,gemma,count,0.7,64,0.75,18,18,0,0,0,0,0,0
main,gemma,listed,0.52,4,0.25,18,18,0,0,0,0,0,0
main,gemma,listed,0.52,4,0.5,18,18,0,0,0,0,0,0
main,gemma,listed,0.52,4,0.75,18,18,0,0,0,0,0,0
main,gemma,listed,0.52,8,0.25,18,18,0,0,0,0,0,0
main,gemma,listed,0.52,8,0.375,18,18,0,0,0,0,0,0
main,gemma,listed,0.52,8,0.5,18,18,0,0,0,0,0,0
main,gemma,listed,0.52,8,0.625,18,18,0,0,0,0,0,0
main,gemma,listed,0.52,8,0.75,18,18,0,0,0,0,0,0
main,gemma,listed,0.52,16,0.25,18,18,0,0,0,0,0,0
main,gemma,listed,0.52,16,0.375,18,18,0,0,0,0,0,0
main,gemma,listed,0.52,16,0.5,18,18,0,0,0,0,0,0
main,gemma,listed,0.52,16,0.625,18,18,0,0,0,0,0,0
main,gemma,listed,0.52,16,0.75,18,18,0,0,0,0,0,0
main,gemma,listed,0.52,32,0.25,18,18,0,0,0,0,0,0
main,gemma,listed,0.52,32,0.375,18,18,0,0,0,0,0,0
main,gemma,listed,0.52,32,0.5,18,18,0,0,0,0,0,0
main,gemma,listed,0.52,32,0.625,18,18,0,0,0,0,0,0
main,gemma,listed,0.52,32,0.75,18,18,0,0,0,0,0,0
main,gemma,listed,0.52,64,0.25,18,18,0,0,0,0,0,0
main,gemma,listed,0.52,64,0.375,18,18,0,0,0,0,0,0
main,gemma,listed,0.52,64,0.5,18,18,0,0,0,0,0,0
main,gemma,listed,0.52,64,0.625,18,18,0,0,0,0,0,0
main,gemma,listed,0.52,64,0.75,18,18,0,0,0,0,0,0
main,gemma,listed,0.55,4,0.25,18,18,0,0,0,0,0,0
main,gemma,listed,0.55,4,0.5,18,18,0,0,0,0,0,0
main,gemma,listed,0.55,4,0.75,18,18,0,0,0,0,0,0
main,gemma,listed,0.55,8,0.25,18,18,0,0,0,0,0,0
main,gemma,listed,0.55,8,0.375,18,18,0,0,0,0,0,0
main,gemma,listed,0.55,8,0.5,18,18,0,0,0,0,0,0
main,gemma,listed,0.55,8,0.625,18,18,0,0,0,0,0,0
main,gemma,listed,0.55,8,0.75,18,18,0,0,0,0,0,0
main,gemma,listed,0.55,16,0.25,18,18,0,0,0,0,0,0
main,gemma,listed,0.55,16,0.375,18,18,0,0,0,0,0,0
main,gemma,listed,0.55,16,0.5,18,18,0,0,0,0,0,0
main,gemma,listed,0.55,16,0.625,18,18,0,0,0,0,0,0
main,gemma,listed,0.55,16,0.75,18,18,0,0,0,0,0,0
main,gemma,listed,0.55,32,0.25,18,18,0,0,0,0,0,0
main,gemma,listed,0.55,32,0.375,18,18,0,0,0,0,0,0
main,gemma,listed,0.55,32,0.5,18,18,0,0,0,0,0,0
main,gemma,listed,0.55,32,0.625,18,18,0,0,0,0,0,0
main,gemma,listed,0.55,32,0.75,18,18,0,0,0,0,0,0
main,gemma,listed,0.55,64,0.25,18,18,0,0,0,0,0,0
main,gemma,listed,0.55,64,0.375,18,18,0,0,0,0,0,0
main,gemma,listed,0.55,64,0.5,18,18,0,0,0,0,0,0
main,gemma,listed,0.55,64,0.625,18,18,0,0,0,0,0,0
main,gemma,listed,0.55,64,0.75,18,18,0,0,0,0,0,0
main,gemma,listed,0.7,4,0.25,18,18,0,0,0,0,0,0
main,gemma,listed,0.7,4,0.5,18,18,0,0,0,0,0,0
main,gemma,listed,0.7,4,0.75,18,18,0,0,0,0,0,0
main,gemma,listed,0.7,8,0.25,18,18,0,0,0,0,0,0
main,gemma,listed,0.7,8,0.375,18,18,0,0,0,0,0,0
main,gemma,listed,0.7,8,0.5,18,18,0,0,0,0,0,0
main,gemma,listed,0.7,8,0.625,18,18,0,0,0,0,0,0
main,gemma,listed,0.7,8,0.75,18,18,0,0,0,0,0,0
main,gemma,listed,0.7,16,0.25,18,18,0,0,0,0,0,0
main,gemma,listed,0.7,16,0.375,18,18,0,0,0,0,0,0
main,gemma,listed,0.7,16,0.5,18,18,0,0,0,0,0,0
main,gemma,listed,0.7,16,0.625,18,18,0,0,0,0,0,0
main,gemma,listed,0.7,16,0.75,18,18,0,0,0,0,0,0
main,gemma,listed,0.7,32,0.25,18,18,0,0,0,0,0,0
main,gemma,listed,0.7,32,0.375,18,18,0,0,0,0,0,0
main,gemma,listed,0.7,32,0.5,18,18,0,0,0,0,0,0
main,gemma,listed,0.7,32,0.625,18,18,0,0,0,0,0,0
main,gemma,listed,0.7,32,0.75,18,18,0,0,0,0,0,0
main,gemma,listed,0.7,64,0.25,18,18,0,0,0,0,0,0
main,gemma,listed,0.7,64,0.375,18,18,0,0,0,0,0,0
main,gemma,listed,0.7,64,0.5,18,18,0,0,0,0,0,0
main,gemma,listed,0.7,64,0.625,18,18,0,0,0,0,0,0
main,gemma,listed,0.7,64,0.75,18,18,0,0,0,0,0,0
main,haiku,count,0.52,4,0.25,18,18,0,0,0,0,0,0
main,haiku,count,0.52,4,0.5,18,18,0,0,0,0,0,0
main,haiku,count,0.52,4,0.75,18,18,0,0,0,0,0,0
main,haiku,count,0.52,8,0.25,18,10,8,0,0,0,0,0
main,haiku,count,0.52,8,0.375,18,18,0,0,0,0,0,0
main,haiku,count,0.52,8,0.5,18,18,0,0,0,0,0,0
main,haiku,count,0.52,8,0.625,18,18,0,0,0,0,0,0
main,haiku,count,0.52,8,0.75,18,18,0,0,0,0,0,0
main,haiku,count,0.52,16,0.25,18,0,18,0,0,0,0,0
main,haiku,count,0.52,16,0.375,18,10,8,0,0,0,0,0
main,haiku,count,0.52,16,0.5,18,18,0,0,0,0,0,0
main,haiku,count,0.52,16,0.625,18,18,0,0,0,0,0,0
main,haiku,count,0.52,16,0.75,18,18,0,0,0,0,0,0
main,haiku,count,0.52,32,0.25,18,1,17,0,0,0,0,0
main,haiku,count,0.52,32,0.375,18,6,12,0,0,0,0,0
main,haiku,count,0.52,32,0.5,18,18,0,0,0,0,0,0
main,haiku,count,0.52,32,0.625,18,18,0,0,0,0,0,0
main,haiku,count,0.52,32,0.75,18,18,0,0,0,0,0,0
main,haiku,count,0.52,64,0.25,18,0,14,4,0,0,0,0
main,haiku,count,0.52,64,0.375,18,3,13,2,0,0,0,0
main,haiku,count,0.52,64,0.5,18,18,0,0,0,0,0,0
main,haiku,count,0.52,64,0.625,18,18,0,0,0,0,0,0
main,haiku,count,0.52,64,0.75,18,18,0,0,0,0,0,0
main,haiku,count,0.55,4,0.25,18,18,0,0,0,0,0,0
main,haiku,count,0.55,4,0.5,18,18,0,0,0,0,0,0
main,haiku,count,0.55,4,0.75,18,18,0,0,0,0,0,0
main,haiku,count,0.55,8,0.25,18,9,9,0,0,0,0,0
main,haiku,count,0.55,8,0.375,18,18,0,0,0,0,0,0
main,haiku,count,0.55,8,0.5,18,18,0,0,0,0,0,0
main,haiku,count,0.55,8,0.625,18,18,0,0,0,0,0,0
main,haiku,count,0.55,8,0.75,18,18,0,0,0,0,0,0
main,haiku,count,0.55,16,0.25,18,0,18,0,0,0,0,0
main,haiku,count,0.55,16,0.375,18,11,7,0,0,0,0,0
main,haiku,count,0.55,16,0.5,18,18,0,0,0,0,0,0
main,haiku,count,0.55,16,0.625,18,18,0,0,0,0,0,0
main,haiku,count,0.55,16,0.75,18,18,0,0,0,0,0,0
main,haiku,count,0.55,32,0.25,18,1,17,0,0,0,0,0
main,haiku,count,0.55,32,0.375,18,5,13,0,0,0,0,0
main,haiku,count,0.55,32,0.5,18,18,0,0,0,0,0,0
main,haiku,count,0.55,32,0.625,18,18,0,0,0,0,0,0
main,haiku,count,0.55,32,0.75,18,18,0,0,0,0,0,0
main,haiku,count,0.55,64,0.25,18,1,16,1,0,0,0,0
main,haiku,count,0.55,64,0.375,18,4,13,1,0,0,0,0
main,haiku,count,0.55,64,0.5,18,18,0,0,0,0,0,0
main,haiku,count,0.55,64,0.625,18,18,0,0,0,0,0,0
main,haiku,count,0.55,64,0.75,18,18,0,0,0,0,0,0
main,haiku,count,0.7,4,0.25,18,18,0,0,0,0,0,0
main,haiku,count,0.7,4,0.5,18,18,0,0,0,0,0,0
main,haiku,count,0.7,4,0.75,18,18,0,0,0,0,0,0
main,haiku,count,0.7,8,0.25,18,8,10,0,0,0,0,0
main,haiku,count,0.7,8,0.375,18,18,0,0,0,0,0,0
main,haiku,count,0.7,8,0.5,18,18,0,0,0,0,0,0
main,haiku,count,0.7,8,0.625,18,18,0,0,0,0,0,0
main,haiku,count,0.7,8,0.75,18,18,0,0,0,0,0,0
main,haiku,count,0.7,16,0.25,18,0,18,0,0,0,0,0
main,haiku,count,0.7,16,0.375,18,6,12,0,0,0,0,0
main,haiku,count,0.7,16,0.5,18,18,0,0,0,0,0,0
main,haiku,count,0.7,16,0.625,18,18,0,0,0,0,0,0
main,haiku,count,0.7,16,0.75,18,18,0,0,0,0,0,0
main,haiku,count,0.7,32,0.25,18,0,18,0,0,0,0,0
main,haiku,count,0.7,32,0.375,18,3,15,0,0,0,0,0
main,haiku,count,0.7,32,0.5,18,18,0,0,0,0,0,0
main,haiku,count,0.7,32,0.625,18,18,0,0,0,0,0,0
main,haiku,count,0.7,32,0.75,18,18,0,0,0,0,0,0
main,haiku,count,0.7,64,0.25,18,0,15,3,0,0,0,0
main,haiku,count,0.7,64,0.375,18,0,15,3,0,0,0,0
main,haiku,count,0.7,64,0.5,18,18,0,0,0,0,0,0
main,haiku,count,0.7,64,0.625,18,18,0,0,0,0,0,0
main,haiku,count,0.7,64,0.75,18,18,0,0,0,0,0,0
main,haiku,listed,0.52,4,0.25,18,18,0,0,0,0,0,0
main,haiku,listed,0.52,4,0.5,18,18,0,0,0,0,0,0
main,haiku,listed,0.52,4,0.75,18,18,0,0,0,0,0,0
main,haiku,listed,0.52,8,0.25,18,15,3,0,0,0,0,0
main,haiku,listed,0.52,8,0.375,18,17,0,1,0,0,0,0
main,haiku,listed,0.52,8,0.5,18,17,0,1,0,0,0,0
main,haiku,listed,0.52,8,0.625,18,17,0,1,0,0,0,0
main,haiku,listed,0.52,8,0.75,18,18,0,0,0,0,0,0
main,haiku,listed,0.52,16,0.25,18,12,5,1,0,0,0,0
main,haiku,listed,0.52,16,0.375,18,14,1,3,0,0,0,0
main,haiku,listed,0.52,16,0.5,18,15,1,2,0,0,0,0
main,haiku,listed,0.52,16,0.625,18,18,0,0,0,0,0,0
main,haiku,listed,0.52,16,0.75,18,18,0,0,0,0,0,0
main,haiku,listed,0.52,32,0.25,18,4,13,1,0,0,0,0
main,haiku,listed,0.52,32,0.375,18,10,6,2,0,0,0,0
main,haiku,listed,0.52,32,0.5,18,15,2,1,0,0,0,0
main,haiku,listed,0.52,32,0.625,18,18,0,0,0,0,0,0
main,haiku,listed,0.52,32,0.75,18,18,0,0,0,0,0,0
main,haiku,listed,0.52,64,0.25,18,2,15,1,0,0,0,0
main,haiku,listed,0.52,64,0.375,18,8,8,2,0,0,0,0
main,haiku,listed,0.52,64,0.5,18,14,2,2,0,0,0,0
main,haiku,listed,0.52,64,0.625,18,18,0,0,0,0,0,0
main,haiku,listed,0.52,64,0.75,18,18,0,0,0,0,0,0
main,haiku,listed,0.55,4,0.25,18,18,0,0,0,0,0,0
main,haiku,listed,0.55,4,0.5,18,18,0,0,0,0,0,0
main,haiku,listed,0.55,4,0.75,18,18,0,0,0,0,0,0
main,haiku,listed,0.55,8,0.25,18,16,1,1,0,0,0,0
main,haiku,listed,0.55,8,0.375,18,18,0,0,0,0,0,0
main,haiku,listed,0.55,8,0.5,18,16,0,2,0,0,0,0
main,haiku,listed,0.55,8,0.625,18,18,0,0,0,0,0,0
main,haiku,listed,0.55,8,0.75,18,18,0,0,0,0,0,0
main,haiku,listed,0.55,16,0.25,18,9,8,1,0,0,0,0
main,haiku,listed,0.55,16,0.375,18,12,2,4,0,0,0,0
main,haiku,listed,0.55,16,0.5,18,16,0,2,0,0,0,0
main,haiku,listed,0.55,16,0.625,18,18,0,0,0,0,0,0
main,haiku,listed,0.55,16,0.75,18,18,0,0,0,0,0,0
main,haiku,listed,0.55,32,0.25,18,3,14,1,0,0,0,0
main,haiku,listed,0.55,32,0.375,18,8,7,3,0,0,0,0
main,haiku,listed,0.55,32,0.5,18,17,0,1,0,0,0,0
main,haiku,listed,0.55,32,0.625,18,18,0,0,0,0,0,0
main,haiku,listed,0.55,32,0.75,18,18,0,0,0,0,0,0
main,haiku,listed,0.55,64,0.25,18,2,13,3,0,0,0,0
main,haiku,listed,0.55,64,0.375,18,8,8,2,0,0,0,0
main,haiku,listed,0.55,64,0.5,18,15,1,2,0,0,0,0
main,haiku,listed,0.55,64,0.625,18,18,0,0,0,0,0,0
main,haiku,listed,0.55,64,0.75,18,18,0,0,0,0,0,0
main,haiku,listed,0.7,4,0.25,18,18,0,0,0,0,0,0
main,haiku,listed,0.7,4,0.5,18,18,0,0,0,0,0,0
main,haiku,listed,0.7,4,0.75,18,18,0,0,0,0,0,0
main,haiku,listed,0.7,8,0.25,18,16,2,0,0,0,0,0
main,haiku,listed,0.7,8,0.375,18,18,0,0,0,0,0,0
main,haiku,listed,0.7,8,0.5,18,17,0,1,0,0,0,0
main,haiku,listed,0.7,8,0.625,18,18,0,0,0,0,0,0
main,haiku,listed,0.7,8,0.75,18,18,0,0,0,0,0,0
main,haiku,listed,0.7,16,0.25,18,7,11,0,0,0,0,0
main,haiku,listed,0.7,16,0.375,18,12,4,2,0,0,0,0
main,haiku,listed,0.7,16,0.5,18,18,0,0,0,0,0,0
main,haiku,listed,0.7,16,0.625,18,18,0,0,0,0,0,0
main,haiku,listed,0.7,16,0.75,18,18,0,0,0,0,0,0
main,haiku,listed,0.7,32,0.25,18,0,18,0,0,0,0,0
main,haiku,listed,0.7,32,0.375,18,9,6,3,0,0,0,0
main,haiku,listed,0.7,32,0.5,18,17,1,0,0,0,0,0
main,haiku,listed,0.7,32,0.625,18,18,0,0,0,0,0,0
main,haiku,listed,0.7,32,0.75,18,18,0,0,0,0,0,0
main,haiku,listed,0.7,64,0.25,18,1,15,2,0,0,0,0
main,haiku,listed,0.7,64,0.375,18,9,5,4,0,0,0,0
main,haiku,listed,0.7,64,0.5,18,14,2,2,0,0,0,0
main,haiku,listed,0.7,64,0.625,18,18,0,0,0,0,0,0
main,haiku,listed,0.7,64,0.75,18,18,0,0,0,0,0,0
main,jev,count,0.52,4,0.25,18,18,0,0,0,0,0,0
main,jev,count,0.52,4,0.5,18,18,0,0,0,0,0,0
main,jev,count,0.52,4,0.75,18,18,0,0,0,0,0,0
main,jev,count,0.52,8,0.25,18,18,0,0,0,0,0,0
main,jev,count,0.52,8,0.375,18,18,0,0,0,0,0,0
main,jev,count,0.52,8,0.5,18,18,0,0,0,0,0,0
main,jev,count,0.52,8,0.625,18,18,0,0,0,0,0,0
main,jev,count,0.52,8,0.75,18,18,0,0,0,0,0,0
main,jev,count,0.52,16,0.25,18,18,0,0,0,0,0,0
main,jev,count,0.52,16,0.375,18,18,0,0,0,0,0,0
main,jev,count,0.52,16,0.5,18,18,0,0,0,0,0,0
main,jev,count,0.52,16,0.625,18,18,0,0,0,0,0,0
main,jev,count,0.52,16,0.75,18,18,0,0,0,0,0,0
main,jev,count,0.52,32,0.25,18,18,0,0,0,0,0,0
main,jev,count,0.52,32,0.375,18,18,0,0,0,0,0,0
main,jev,count,0.52,32,0.5,18,18,0,0,0,0,0,0
main,jev,count,0.52,32,0.625,18,18,0,0,0,0,0,0
main,jev,count,0.52,32,0.75,18,18,0,0,0,0,0,0
main,jev,count,0.52,64,0.25,18,18,0,0,0,0,0,0
main,jev,count,0.52,64,0.375,18,18,0,0,0,0,0,0
main,jev,count,0.52,64,0.5,18,18,0,0,0,0,0,0
main,jev,count,0.52,64,0.625,18,18,0,0,0,0,0,0
main,jev,count,0.52,64,0.75,18,18,0,0,0,0,0,0
main,jev,count,0.55,4,0.25,18,18,0,0,0,0,0,0
main,jev,count,0.55,4,0.5,18,18,0,0,0,0,0,0
main,jev,count,0.55,4,0.75,18,18,0,0,0,0,0,0
main,jev,count,0.55,8,0.25,18,18,0,0,0,0,0,0
main,jev,count,0.55,8,0.375,18,18,0,0,0,0,0,0
main,jev,count,0.55,8,0.5,18,18,0,0,0,0,0,0
main,jev,count,0.55,8,0.625,18,18,0,0,0,0,0,0
main,jev,count,0.55,8,0.75,18,18,0,0,0,0,0,0
main,jev,count,0.55,16,0.25,18,18,0,0,0,0,0,0
main,jev,count,0.55,16,0.375,18,18,0,0,0,0,0,0
main,jev,count,0.55,16,0.5,18,18,0,0,0,0,0,0
main,jev,count,0.55,16,0.625,18,18,0,0,0,0,0,0
main,jev,count,0.55,16,0.75,18,18,0,0,0,0,0,0
main,jev,count,0.55,32,0.25,18,18,0,0,0,0,0,0
main,jev,count,0.55,32,0.375,18,18,0,0,0,0,0,0
main,jev,count,0.55,32,0.5,18,18,0,0,0,0,0,0
main,jev,count,0.55,32,0.625,18,18,0,0,0,0,0,0
main,jev,count,0.55,32,0.75,18,18,0,0,0,0,0,0
main,jev,count,0.55,64,0.25,18,18,0,0,0,0,0,0
main,jev,count,0.55,64,0.375,18,18,0,0,0,0,0,0
main,jev,count,0.55,64,0.5,18,18,0,0,0,0,0,0
main,jev,count,0.55,64,0.625,18,18,0,0,0,0,0,0
main,jev,count,0.55,64,0.75,18,18,0,0,0,0,0,0
main,jev,count,0.7,4,0.25,18,18,0,0,0,0,0,0
main,jev,count,0.7,4,0.5,18,18,0,0,0,0,0,0
main,jev,count,0.7,4,0.75,18,18,0,0,0,0,0,0
main,jev,count,0.7,8,0.25,18,18,0,0,0,0,0,0
main,jev,count,0.7,8,0.375,18,18,0,0,0,0,0,0
main,jev,count,0.7,8,0.5,18,18,0,0,0,0,0,0
main,jev,count,0.7,8,0.625,18,18,0,0,0,0,0,0
main,jev,count,0.7,8,0.75,18,18,0,0,0,0,0,0
main,jev,count,0.7,16,0.25,18,18,0,0,0,0,0,0
main,jev,count,0.7,16,0.375,18,18,0,0,0,0,0,0
main,jev,count,0.7,16,0.5,18,18,0,0,0,0,0,0
main,jev,count,0.7,16,0.625,18,18,0,0,0,0,0,0
main,jev,count,0.7,16,0.75,18,18,0,0,0,0,0,0
main,jev,count,0.7,32,0.25,18,18,0,0,0,0,0,0
main,jev,count,0.7,32,0.375,18,18,0,0,0,0,0,0
main,jev,count,0.7,32,0.5,18,18,0,0,0,0,0,0
main,jev,count,0.7,32,0.625,18,18,0,0,0,0,0,0
main,jev,count,0.7,32,0.75,18,18,0,0,0,0,0,0
main,jev,count,0.7,64,0.25,18,18,0,0,0,0,0,0
main,jev,count,0.7,64,0.375,18,18,0,0,0,0,0,0
main,jev,count,0.7,64,0.5,18,18,0,0,0,0,0,0
main,jev,count,0.7,64,0.625,18,18,0,0,0,0,0,0
main,jev,count,0.7,64,0.75,18,18,0,0,0,0,0,0
main,jev,listed,0.52,4,0.25,18,18,0,0,0,0,0,0
main,jev,listed,0.52,4,0.5,18,18,0,0,0,0,0,0
main,jev,listed,0.52,4,0.75,18,18,0,0,0,0,0,0
main,jev,listed,0.52,8,0.25,18,18,0,0,0,0,0,0
main,jev,listed,0.52,8,0.375,18,18,0,0,0,0,0,0
main,jev,listed,0.52,8,0.5,18,18,0,0,0,0,0,0
main,jev,listed,0.52,8,0.625,18,18,0,0,0,0,0,0
main,jev,listed,0.52,8,0.75,18,18,0,0,0,0,0,0
main,jev,listed,0.52,16,0.25,18,18,0,0,0,0,0,0
main,jev,listed,0.52,16,0.375,18,18,0,0,0,0,0,0
main,jev,listed,0.52,16,0.5,18,18,0,0,0,0,0,0
main,jev,listed,0.52,16,0.625,18,18,0,0,0,0,0,0
main,jev,listed,0.52,16,0.75,18,18,0,0,0,0,0,0
main,jev,listed,0.52,32,0.25,18,18,0,0,0,0,0,0
main,jev,listed,0.52,32,0.375,18,18,0,0,0,0,0,0
main,jev,listed,0.52,32,0.5,18,18,0,0,0,0,0,0
main,jev,listed,0.52,32,0.625,18,18,0,0,0,0,0,0
main,jev,listed,0.52,32,0.75,18,18,0,0,0,0,0,0
main,jev,listed,0.52,64,0.25,18,18,0,0,0,0,0,0
main,jev,listed,0.52,64,0.375,18,18,0,0,0,0,0,0
main,jev,listed,0.52,64,0.5,18,18,0,0,0,0,0,0
main,jev,listed,0.52,64,0.625,18,18,0,0,0,0,0,0
main,jev,listed,0.52,64,0.75,18,18,0,0,0,0,0,0
main,jev,listed,0.55,4,0.25,18,18,0,0,0,0,0,0
main,jev,listed,0.55,4,0.5,18,18,0,0,0,0,0,0
main,jev,listed,0.55,4,0.75,18,18,0,0,0,0,0,0
main,jev,listed,0.55,8,0.25,18,18,0,0,0,0,0,0
main,jev,listed,0.55,8,0.375,18,18,0,0,0,0,0,0
main,jev,listed,0.55,8,0.5,18,18,0,0,0,0,0,0
main,jev,listed,0.55,8,0.625,18,18,0,0,0,0,0,0
main,jev,listed,0.55,8,0.75,18,18,0,0,0,0,0,0
main,jev,listed,0.55,16,0.25,18,18,0,0,0,0,0,0
main,jev,listed,0.55,16,0.375,18,18,0,0,0,0,0,0
main,jev,listed,0.55,16,0.5,18,18,0,0,0,0,0,0
main,jev,listed,0.55,16,0.625,18,18,0,0,0,0,0,0
main,jev,listed,0.55,16,0.75,18,18,0,0,0,0,0,0
main,jev,listed,0.55,32,0.25,18,18,0,0,0,0,0,0
main,jev,listed,0.55,32,0.375,18,18,0,0,0,0,0,0
main,jev,listed,0.55,32,0.5,18,18,0,0,0,0,0,0
main,jev,listed,0.55,32,0.625,18,18,0,0,0,0,0,0
main,jev,listed,0.55,32,0.75,18,18,0,0,0,0,0,0
main,jev,listed,0.55,64,0.25,18,18,0,0,0,0,0,0
main,jev,listed,0.55,64,0.375,18,18,0,0,0,0,0,0
main,jev,listed,0.55,64,0.5,18,18,0,0,0,0,0,0
main,jev,listed,0.55,64,0.625,18,18,0,0,0,0,0,0
main,jev,listed,0.55,64,0.75,18,18,0,0,0,0,0,0
main,jev,listed,0.7,4,0.25,18,18,0,0,0,0,0,0
main,jev,listed,0.7,4,0.5,18,18,0,0,0,0,0,0
main,jev,listed,0.7,4,0.75,18,18,0,0,0,0,0,0
main,jev,listed,0.7,8,0.25,18,18,0,0,0,0,0,0
main,jev,listed,0.7,8,0.375,18,18,0,0,0,0,0,0
main,jev,listed,0.7,8,0.5,18,18,0,0,0,0,0,0
main,jev,listed,0.7,8,0.625,18,18,0,0,0,0,0,0
main,jev,listed,0.7,8,0.75,18,18,0,0,0,0,0,0
main,jev,listed,0.7,16,0.25,18,18,0,0,0,0,0,0
main,jev,listed,0.7,16,0.375,18,18,0,0,0,0,0,0
main,jev,listed,0.7,16,0.5,18,18,0,0,0,0,0,0
main,jev,listed,0.7,16,0.625,18,18,0,0,0,0,0,0
main,jev,listed,0.7,16,0.75,18,18,0,0,0,0,0,0
main,jev,listed,0.7,32,0.25,18,18,0,0,0,0,0,0
main,jev,listed,0.7,32,0.375,18,18,0,0,0,0,0,0
main,jev,listed,0.7,32,0.5,18,18,0,0,0,0,0,0
main,jev,listed,0.7,32,0.625,18,18,0,0,0,0,0,0
main,jev,listed,0.7,32,0.75,18,18,0,0,0,0,0,0
main,jev,listed,0.7,64,0.25,18,18,0,0,0,0,0,0
main,jev,listed,0.7,64,0.375,18,18,0,0,0,0,0,0
main,jev,listed,0.7,64,0.5,18,18,0,0,0,0,0,0
main,jev,listed,0.7,64,0.625,18,18,0,0,0,0,0,0
main,jev,listed,0.7,64,0.75,18,18,0,0,0,0,0,0
main,llama,count,0.52,4,0.25,18,18,0,0,0,0,0,0
main,llama,count,0.52,4,0.5,18,18,0,0,0,0,0,0
main,llama,count,0.52,4,0.75,18,18,0,0,0,0,0,0
main,llama,count,0.52,8,0.25,18,18,0,0,0,0,0,0
main,llama,count,0.52,8,0.375,18,18,0,0,0,0,0,0
main,llama,count,0.52,8,0.5,18,18,0,0,0,0,0,0
main,llama,count,0.52,8,0.625,18,18,0,0,0,0,0,0
main,llama,count,0.52,8,0.75,18,18,0,0,0,0,0,0
main,llama,count,0.52,16,0.25,18,14,4,0,0,0,0,0
main,llama,count,0.52,16,0.375,18,18,0,0,0,0,0,0
main,llama,count,0.52,16,0.5,18,18,0,0,0,0,0,0
main,llama,count,0.52,16,0.625,18,18,0,0,0,0,0,0
main,llama,count,0.52,16,0.75,18,18,0,0,0,0,0,0
main,llama,count,0.52,32,0.25,18,13,4,0,1,0,0,0
main,llama,count,0.52,32,0.375,18,17,1,0,0,0,0,0
main,llama,count,0.52,32,0.5,18,18,0,0,0,0,0,0
main,llama,count,0.52,32,0.625,18,18,0,0,0,0,0,0
main,llama,count,0.52,32,0.75,18,17,0,0,0,0,1,0
main,llama,count,0.52,64,0.25,18,9,9,0,0,0,0,0
main,llama,count,0.52,64,0.375,18,15,3,0,0,0,0,0
main,llama,count,0.52,64,0.5,18,16,2,0,0,0,0,0
main,llama,count,0.52,64,0.625,18,18,0,0,0,0,0,0
main,llama,count,0.52,64,0.75,18,18,0,0,0,0,0,0
main,llama,count,0.55,4,0.25,18,18,0,0,0,0,0,0
main,llama,count,0.55,4,0.5,18,18,0,0,0,0,0,0
main,llama,count,0.55,4,0.75,18,18,0,0,0,0,0,0
main,llama,count,0.55,8,0.25,18,18,0,0,0,0,0,0
main,llama,count,0.55,8,0.375,18,18,0,0,0,0,0,0
main,llama,count,0.55,8,0.5,18,18,0,0,0,0,0,0
main,llama,count,0.55,8,0.625,18,18,0,0,0,0,0,0
main,llama,count,0.55,8,0.75,18,18,0,0,0,0,0,0
main,llama,count,0.55,16,0.25,18,11,7,0,0,0,0,0
main,llama,count,0.55,16,0.375,18,16,1,1,0,0,0,0
main,llama,count,0.55,16,0.5,18,18,0,0,0,0,0,0
main,llama,count,0.55,16,0.625,18,18,0,0,0,0,0,0
main,llama,count,0.55,16,0.75,18,18,0,0,0,0,0,0
main,llama,count,0.55,32,0.25,18,9,9,0,0,0,0,0
main,llama,count,0.55,32,0.375,18,15,3,0,0,0,0,0
main,llama,count,0.55,32,0.5,18,17,1,0,0,0,0,0
main,llama,count,0.55,32,0.625,18,18,0,0,0,0,0,0
main,llama,count,0.55,32,0.75,18,18,0,0,0,0,0,0
main,llama,count,0.55,64,0.25,18,6,12,0,0,0,0,0
main,llama,count,0.55,64,0.375,18,14,4,0,0,0,0,0
main,llama,count,0.55,64,0.5,18,15,3,0,0,0,0,0
main,llama,count,0.55,64,0.625,18,18,0,0,0,0,0,0
main,llama,count,0.55,64,0.75,18,18,0,0,0,0,0,0
main,llama,count,0.7,4,0.25,18,18,0,0,0,0,0,0
main,llama,count,0.7,4,0.5,18,18,0,0,0,0,0,0
main,llama,count,0.7,4,0.75,18,18,0,0,0,0,0,0
main,llama,count,0.7,8,0.25,18,18,0,0,0,0,0,0
main,llama,count,0.7,8,0.375,18,18,0,0,0,0,0,0
main,llama,count,0.7,8,0.5,18,18,0,0,0,0,0,0
main,llama,count,0.7,8,0.625,18,18,0,0,0,0,0,0
main,llama,count,0.7,8,0.75,18,18,0,0,0,0,0,0
main,llama,count,0.7,16,0.25,18,12,4,2,0,0,0,0
main,llama,count,0.7,16,0.375,18,16,2,0,0,0,0,0
main,llama,count,0.7,16,0.5,18,18,0,0,0,0,0,0
main,llama,count,0.7,16,0.625,18,18,0,0,0,0,0,0
main,llama,count,0.7,16,0.75,18,18,0,0,0,0,0,0
main,llama,count,0.7,32,0.25,18,12,6,0,0,0,0,0
main,llama,count,0.7,32,0.375,18,16,2,0,0,0,0,0
main,llama,count,0.7,32,0.5,18,17,1,0,0,0,0,0
main,llama,count,0.7,32,0.625,18,18,0,0,0,0,0,0
main,llama,count,0.7,32,0.75,18,18,0,0,0,0,0,0
main,llama,count,0.7,64,0.25,18,9,9,0,0,0,0,0
main,llama,count,0.7,64,0.375,18,14,4,0,0,0,0,0
main,llama,count,0.7,64,0.5,18,15,3,0,0,0,0,0
main,llama,count,0.7,64,0.625,18,18,0,0,0,0,0,0
main,llama,count,0.7,64,0.75,18,18,0,0,0,0,0,0
main,llama,listed,0.52,4,0.25,18,18,0,0,0,0,0,0
main,llama,listed,0.52,4,0.5,18,18,0,0,0,0,0,0
main,llama,listed,0.52,4,0.75,18,18,0,0,0,0,0,0
main,llama,listed,0.52,8,0.25,18,18,0,0,0,0,0,0
main,llama,listed,0.52,8,0.375,18,18,0,0,0,0,0,0
main,llama,listed,0.52,8,0.5,18,18,0,0,0,0,0,0
main,llama,listed,0.52,8,0.625,18,18,0,0,0,0,0,0
main,llama,listed,0.52,8,0.75,18,18,0,0,0,0,0,0
main,llama,listed,0.52,16,0.25,18,13,4,0,1,0,0,0
main,llama,listed,0.52,16,0.375,18,18,0,0,0,0,0,0
main,llama,listed,0.52,16,0.5,18,18,0,0,0,0,0,0
main,llama,listed,0.52,16,0.625,18,17,0,1,0,0,0,0
main,llama,listed,0.52,16,0.75,18,18,0,0,0,0,0,0
main,llama,listed,0.52,32,0.25,18,7,10,0,1,0,0,0
main,llama,listed,0.52,32,0.375,18,12,3,1,2,0,0,0
main,llama,listed,0.52,32,0.5,18,17,1,0,0,0,0,0
main,llama,listed,0.52,32,0.625,18,17,0,0,1,0,0,0
main,llama,listed,0.52,32,0.75,18,18,0,0,0,0,0,0
main,llama,listed,0.52,64,0.25,18,3,14,1,0,0,0,0
main,llama,listed,0.52,64,0.375,18,13,3,1,1,0,0,0
main,llama,listed,0.52,64,0.5,18,17,1,0,0,0,0,0
main,llama,listed,0.52,64,0.625,18,18,0,0,0,0,0,0
main,llama,listed,0.52,64,0.75,18,18,0,0,0,0,0,0
main,llama,listed,0.55,4,0.25,18,18,0,0,0,0,0,0
main,llama,listed,0.55,4,0.5,18,18,0,0,0,0,0,0
main,llama,listed,0.55,4,0.75,18,18,0,0,0,0,0,0
main,llama,listed,0.55,8,0.25,18,18,0,0,0,0,0,0
main,llama,listed,0.55,8,0.375,18,18,0,0,0,0,0,0
main,llama,listed,0.55,8,0.5,18,18,0,0,0,0,0,0
main,llama,listed,0.55,8,0.625,18,18,0,0,0,0,0,0
main,llama,listed,0.55,8,0.75,18,18,0,0,0,0,0,0
main,llama,listed,0.55,16,0.25,18,14,4,0,0,0,0,0
main,llama,listed,0.55,16,0.375,18,18,0,0,0,0,0,0
main,llama,listed,0.55,16,0.5,18,18,0,0,0,0,0,0
main,llama,listed,0.55,16,0.625,18,18,0,0,0,0,0,0
main,llama,listed,0.55,16,0.75,18,18,0,0,0,0,0,0
main,llama,listed,0.55,32,0.25,18,4,13,1,0,0,0,0
main,llama,listed,0.55,32,0.375,18,14,2,1,1,0,0,0
main,llama,listed,0.55,32,0.5,18,16,0,2,0,0,0,0
main,llama,listed,0.55,32,0.625,18,18,0,0,0,0,0,0
main,llama,listed,0.55,32,0.75,18,18,0,0,0,0,0,0
main,llama,listed,0.55,64,0.25,18,4,11,3,0,0,0,0
main,llama,listed,0.55,64,0.375,18,9,5,4,0,0,0,0
main,llama,listed,0.55,64,0.5,18,16,1,0,1,0,0,0
main,llama,listed,0.55,64,0.625,18,18,0,0,0,0,0,0
main,llama,listed,0.55,64,0.75,18,18,0,0,0,0,0,0
main,llama,listed,0.7,4,0.25,18,18,0,0,0,0,0,0
main,llama,listed,0.7,4,0.5,18,18,0,0,0,0,0,0
main,llama,listed,0.7,4,0.75,18,18,0,0,0,0,0,0
main,llama,listed,0.7,8,0.25,18,17,1,0,0,0,0,0
main,llama,listed,0.7,8,0.375,18,18,0,0,0,0,0,0
main,llama,listed,0.7,8,0.5,18,18,0,0,0,0,0,0
main,llama,listed,0.7,8,0.625,18,18,0,0,0,0,0,0
main,llama,listed,0.7,8,0.75,18,18,0,0,0,0,0,0
main,llama,listed,0.7,16,0.25,18,7,11,0,0,0,0,0
main,llama,listed,0.7,16,0.375,18,16,2,0,0,0,0,0
main,llama,listed,0.7,16,0.5,18,18,0,0,0,0,0,0
main,llama,listed,0.7,16,0.625,18,18,0,0,0,0,0,0
main,llama,listed,0.7,16,0.75,18,18,0,0,0,0,0,0
main,llama,listed,0.7,32,0.25,18,1,16,1,0,0,0,0
main,llama,listed,0.7,32,0.375,18,11,6,0,1,0,0,0
main,llama,listed,0.7,32,0.5,18,17,1,0,0,0,0,0
main,llama,listed,0.7,32,0.625,18,17,0,1,0,0,0,0
main,llama,listed,0.7,32,0.75,18,18,0,0,0,0,0,0
main,llama,listed,0.7,64,0.25,18,4,13,1,0,0,0,0
main,llama,listed,0.7,64,0.375,18,11,5,1,1,0,0,0
main,llama,listed,0.7,64,0.5,18,17,0,0,1,0,0,0
main,llama,listed,0.7,64,0.625,18,18,0,0,0,0,0,0
main,llama,listed,0.7,64,0.75,18,18,0,0,0,0,0,0
main,mistral,count,0.52,4,0.25,18,18,0,0,0,0,0,0
main,mistral,count,0.52,4,0.5,18,18,0,0,0,0,0,0
main,mistral,count,0.52,4,0.75,18,18,0,0,0,0,0,0
main,mistral,count,0.52,8,0.25,18,17,0,1,0,0,0,0
main,mistral,count,0.52,8,0.375,18,18,0,0,0,0,0,0
main,mistral,count,0.52,8,0.5,18,18,0,0,0,0,0,0
main,mistral,count,0.52,8,0.625,18,18,0,0,0,0,0,0
main,mistral,count,0.52,8,0.75,18,18,0,0,0,0,0,0
main,mistral,count,0.52,16,0.25,18,15,0,3,0,0,0,0
main,mistral,count,0.52,16,0.375,18,17,0,1,0,0,0,0
main,mistral,count,0.52,16,0.5,18,18,0,0,0,0,0,0
main,mistral,count,0.52,16,0.625,18,18,0,0,0,0,0,0
main,mistral,count,0.52,16,0.75,18,18,0,0,0,0,0,0
main,mistral,count,0.52,32,0.25,18,14,0,4,0,0,0,0
main,mistral,count,0.52,32,0.375,18,17,0,1,0,0,0,0
main,mistral,count,0.52,32,0.5,18,18,0,0,0,0,0,0
main,mistral,count,0.52,32,0.625,18,18,0,0,0,0,0,0
main,mistral,count,0.52,32,0.75,18,18,0,0,0,0,0,0
main,mistral,count,0.52,64,0.25,18,13,0,5,0,0,0,0
main,mistral,count,0.52,64,0.375,18,18,0,0,0,0,0,0
main,mistral,count,0.52,64,0.5,18,18,0,0,0,0,0,0
main,mistral,count,0.52,64,0.625,18,18,0,0,0,0,0,0
main,mistral,count,0.52,64,0.75,18,18,0,0,0,0,0,0
main,mistral,count,0.55,4,0.25,18,18,0,0,0,0,0,0
main,mistral,count,0.55,4,0.5,18,18,0,0,0,0,0,0
main,mistral,count,0.55,4,0.75,18,18,0,0,0,0,0,0
main,mistral,count,0.55,8,0.25,18,17,0,1,0,0,0,0
main,mistral,count,0.55,8,0.375,18,18,0,0,0,0,0,0
main,mistral,count,0.55,8,0.5,18,18,0,0,0,0,0,0
main,mistral,count,0.55,8,0.625,18,18,0,0,0,0,0,0
main,mistral,count,0.55,8,0.75,18,18,0,0,0,0,0,0
main,mistral,count,0.55,16,0.25,18,16,0,2,0,0,0,0
main,mistral,count,0.55,16,0.375,18,17,0,1,0,0,0,0
main,mistral,count,0.55,16,0.5,18,18,0,0,0,0,0,0
main,mistral,count,0.55,16,0.625,18,18,0,0,0,0,0,0
main,mistral,count,0.55,16,0.75,18,18,0,0,0,0,0,0
main,mistral,count,0.55,32,0.25,18,14,0,4,0,0,0,0
main,mistral,count,0.55,32,0.375,18,17,0,1,0,0,0,0
main,mistral,count,0.55,32,0.5,18,18,0,0,0,0,0,0
main,mistral,count,0.55,32,0.625,18,18,0,0,0,0,0,0
main,mistral,count,0.55,32,0.75,18,18,0,0,0,0,0,0
main,mistral,count,0.55,64,0.25,18,14,0,4,0,0,0,0
main,mistral,count,0.55,64,0.375,18,17,0,1,0,0,0,0
main,mistral,count,0.55,64,0.5,18,18,0,0,0,0,0,0
main,mistral,count,0.55,64,0.625,18,18,0,0,0,0,0,0
main,mistral,count,0.55,64,0.75,18,18,0,0,0,0,0,0
main,mistral,count,0.7,4,0.25,18,18,0,0,0,0,0,0
main,mistral,count,0.7,4,0.5,18,18,0,0,0,0,0,0
main,mistral,count,0.7,4,0.75,18,18,0,0,0,0,0,0
main,mistral,count,0.7,8,0.25,18,17,1,0,0,0,0,0
main,mistral,count,0.7,8,0.375,18,18,0,0,0,0,0,0
main,mistral,count,0.7,8,0.5,18,18,0,0,0,0,0,0
main,mistral,count,0.7,8,0.625,18,18,0,0,0,0,0,0
main,mistral,count,0.7,8,0.75,18,18,0,0,0,0,0,0
main,mistral,count,0.7,16,0.25,18,13,0,5,0,0,0,0
main,mistral,count,0.7,16,0.375,18,17,0,1,0,0,0,0
main,mistral,count,0.7,16,0.5,18,18,0,0,0,0,0,0
main,mistral,count,0.7,16,0.625,18,18,0,0,0,0,0,0
main,mistral,count,0.7,16,0.75,18,18,0,0,0,0,0,0
main,mistral,count,0.7,32,0.25,18,12,0,6,0,0,0,0
main,mistral,count,0.7,32,0.375,18,18,0,0,0,0,0,0
main,mistral,count,0.7,32,0.5,18,18,0,0,0,0,0,0
main,mistral,count,0.7,32,0.625,18,18,0,0,0,0,0,0
main,mistral,count,0.7,32,0.75,18,18,0,0,0,0,0,0
main,mistral,count,0.7,64,0.25,18,11,0,7,0,0,0,0
main,mistral,count,0.7,64,0.375,18,18,0,0,0,0,0,0
main,mistral,count,0.7,64,0.5,18,18,0,0,0,0,0,0
main,mistral,count,0.7,64,0.625,18,18,0,0,0,0,0,0
main,mistral,count,0.7,64,0.75,18,18,0,0,0,0,0,0
main,mistral,listed,0.52,4,0.25,18,18,0,0,0,0,0,0
main,mistral,listed,0.52,4,0.5,18,18,0,0,0,0,0,0
main,mistral,listed,0.52,4,0.75,18,18,0,0,0,0,0,0
main,mistral,listed,0.52,8,0.25,18,18,0,0,0,0,0,0
main,mistral,listed,0.52,8,0.375,18,18,0,0,0,0,0,0
main,mistral,listed,0.52,8,0.5,18,18,0,0,0,0,0,0
main,mistral,listed,0.52,8,0.625,18,18,0,0,0,0,0,0
main,mistral,listed,0.52,8,0.75,18,18,0,0,0,0,0,0
main,mistral,listed,0.52,16,0.25,18,15,0,3,0,0,0,0
main,mistral,listed,0.52,16,0.375,18,18,0,0,0,0,0,0
main,mistral,listed,0.52,16,0.5,18,18,0,0,0,0,0,0
main,mistral,listed,0.52,16,0.625,18,18,0,0,0,0,0,0
main,mistral,listed,0.52,16,0.75,18,18,0,0,0,0,0,0
main,mistral,listed,0.52,32,0.25,18,13,0,5,0,0,0,0
main,mistral,listed,0.52,32,0.375,18,17,0,1,0,0,0,0
main,mistral,listed,0.52,32,0.5,18,17,0,1,0,0,0,0
main,mistral,listed,0.52,32,0.625,18,18,0,0,0,0,0,0
main,mistral,listed,0.52,32,0.75,18,18,0,0,0,0,0,0
main,mistral,listed,0.52,64,0.25,18,14,0,4,0,0,0,0
main,mistral,listed,0.52,64,0.375,18,18,0,0,0,0,0,0
main,mistral,listed,0.52,64,0.5,18,18,0,0,0,0,0,0
main,mistral,listed,0.52,64,0.625,18,18,0,0,0,0,0,0
main,mistral,listed,0.52,64,0.75,18,18,0,0,0,0,0,0
main,mistral,listed,0.55,4,0.25,18,18,0,0,0,0,0,0
main,mistral,listed,0.55,4,0.5,18,18,0,0,0,0,0,0
main,mistral,listed,0.55,4,0.75,18,18,0,0,0,0,0,0
main,mistral,listed,0.55,8,0.25,18,18,0,0,0,0,0,0
main,mistral,listed,0.55,8,0.375,18,18,0,0,0,0,0,0
main,mistral,listed,0.55,8,0.5,18,18,0,0,0,0,0,0
main,mistral,listed,0.55,8,0.625,18,18,0,0,0,0,0,0
main,mistral,listed,0.55,8,0.75,18,18,0,0,0,0,0,0
main,mistral,listed,0.55,16,0.25,18,16,0,2,0,0,0,0
main,mistral,listed,0.55,16,0.375,18,18,0,0,0,0,0,0
main,mistral,listed,0.55,16,0.5,18,18,0,0,0,0,0,0
main,mistral,listed,0.55,16,0.625,18,18,0,0,0,0,0,0
main,mistral,listed,0.55,16,0.75,18,18,0,0,0,0,0,0
main,mistral,listed,0.55,32,0.25,18,14,0,4,0,0,0,0
main,mistral,listed,0.55,32,0.375,18,17,0,1,0,0,0,0
main,mistral,listed,0.55,32,0.5,18,18,0,0,0,0,0,0
main,mistral,listed,0.55,32,0.625,18,18,0,0,0,0,0,0
main,mistral,listed,0.55,32,0.75,18,18,0,0,0,0,0,0
main,mistral,listed,0.55,64,0.25,18,15,0,3,0,0,0,0
main,mistral,listed,0.55,64,0.375,18,17,0,1,0,0,0,0
main,mistral,listed,0.55,64,0.5,18,18,0,0,0,0,0,0
main,mistral,listed,0.55,64,0.625,18,18,0,0,0,0,0,0
main,mistral,listed,0.55,64,0.75,18,18,0,0,0,0,0,0
main,mistral,listed,0.7,4,0.25,18,18,0,0,0,0,0,0
main,mistral,listed,0.7,4,0.5,18,18,0,0,0,0,0,0
main,mistral,listed,0.7,4,0.75,18,18,0,0,0,0,0,0
main,mistral,listed,0.7,8,0.25,18,18,0,0,0,0,0,0
main,mistral,listed,0.7,8,0.375,18,18,0,0,0,0,0,0
main,mistral,listed,0.7,8,0.5,18,18,0,0,0,0,0,0
main,mistral,listed,0.7,8,0.625,18,18,0,0,0,0,0,0
main,mistral,listed,0.7,8,0.75,18,18,0,0,0,0,0,0
main,mistral,listed,0.7,16,0.25,18,14,0,4,0,0,0,0
main,mistral,listed,0.7,16,0.375,18,18,0,0,0,0,0,0
main,mistral,listed,0.7,16,0.5,18,18,0,0,0,0,0,0
main,mistral,listed,0.7,16,0.625,18,18,0,0,0,0,0,0
main,mistral,listed,0.7,16,0.75,18,18,0,0,0,0,0,0
main,mistral,listed,0.7,32,0.25,18,13,0,5,0,0,0,0
main,mistral,listed,0.7,32,0.375,18,16,0,2,0,0,0,0
main,mistral,listed,0.7,32,0.5,18,18,0,0,0,0,0,0
main,mistral,listed,0.7,32,0.625,18,18,0,0,0,0,0,0
main,mistral,listed,0.7,32,0.75,18,18,0,0,0,0,0,0
main,mistral,listed,0.7,64,0.25,18,16,0,2,0,0,0,0
main,mistral,listed,0.7,64,0.375,18,18,0,0,0,0,0,0
main,mistral,listed,0.7,64,0.5,18,18,0,0,0,0,0,0
main,mistral,listed,0.7,64,0.625,18,18,0,0,0,0,0,0
main,mistral,listed,0.7,64,0.75,18,18,0,0,0,0,0,0
